А.АнаровRU;Бешкарам айылы Ош областында, азыр Ачи айылы, Араван району, Ош областы - 1979г. маалымат толуктанат
А. Юсупов; А.Юсупов айыл өкмөтү Араван айылында жайгашкан. маалымат толуктанат	
Абдрахманов; Абдрахманов Жусуп (Юсуп) (1901, Күнгөй-Аксуу болушу, Чиркей кыштоосу, азыркы Ысык-Көл району, Жаркымбаев айылы — 1938, Бишкек, сөөгү 1991 Ата-бейит көрүстөнүнө коюлган) — советтик жана кыргыз мамлекеттик ишмери, Кыргыз АССРинин Эл Комиссарлар Советинини биринчи Председатели(1927—1933), РСФСР ВЦИКтин мүчөсү, СССР ЦИК Президиумунун мүчөлүгүнө кандидат, ВКП(б)БКнын Орто Азия бюросунун мүчөлүгүнө кандидат, эл тарыхын объективдүү изилдөөчү. Айылдын аты ушул улуу кишиге аталган.	
Авлетим; Авлетим же Афлатун — Жалал-Абад облусунун Аксы районундагы айыл. Авлетим айыл өкмөтүнүн курамына кирет. Итагар суусунун боюнда, Бозбутоонун түндүк-чыгыш этегинде, деңиз деңгээлинен 1110 м бийиктикте жайгашкан. Райондун борбору Кербен кыштагынан 24 км түндүк-чыгыш тарапта. Шамалды-Сай темир жол бекетинен 90 км. 1922-ж. отурукташкан. Калкы 2122 (2009); негизинен дыйканчылыкта, мал чарбасында, токойчулукта эмгектенет. Орто мектеп, оорукана, китепкана, 2 мончо, 4 тегирмен, май чыгаруучу цех, токой чарбасынын кеңсеси, жыгаччылык цехи, 2 ашкана, базар бар. Улуу Ата Мекендик согушта курман болгондорго эстелик тургузулган. 	
Айдаралиев; А.А Айдаралиев (9-апрель, 1941-жыл, Каракол шаары, Ысык-Көл облусу) - белгилүү кыргыз жана СССР илимпоз, полярдык изилдөөчү, Медикалык илимдеринин доктору, толук кандуу мүчөсү (академиги) жана Кыргыз Республикасынын (1997) Улуттук Илимдер Академиясынын Президиумунун мүчөсү, Илимдер академиясынын мүчө-корреспонденти технологиялык Россиянын Sciences (1988) жана Россия илимдер академиясынын академиги (1995-жылдан бери).
Айдаркен; Баткен облусунун Кадамжай р-ндагы шаарча. Ал Айдаркен сымап кенинин  өздөштүрүлө баштаганына байланыштуу 1942-ж. уюшулган.  Айдаркен  өрөөнүндө деңиз деңг. 1980 м бийиктикте, Кызылкыя –Баткен автомобиль жолунун боюнда жайгашкан. Райондун борбору Пүлгөн кыш-нан 45 км түш.-батыш, облустун борбору Баткен ш-нан 55 км түш.-чыгыш тарапта. Калкы 10,4 миң (2002). Көп  улуттуу, алар кыргыз (62,6%), тажик (23,1%), орус (8,8%), татар (2,2%) ж. б. улуттар (3,3%). А-де респдагы  ири ө. ж. ишканардын  бири, дүйнөлүк мааниси бар "Айдаркен сымап комбинаты" акционердик коому иштейт. Анда 2001-жылы 116,3 млн сомдук 591,5 т сымап  өндүрүлгөн.  2001/02-окуу жылында 3 орто мектеп (кыргыз,орус ж-а тажик тилдеринде), муз. мектеп, 4 китепкана, оорукана, медициналык үй бүлө борбору, даарыкана, маданият үйү болгон. Шаарчага жакын жерде сымап кендери чыгып (Айдаркен, Бирксуу ж.б.), Солүңкүр, Абшыр  үңкүрлөрү бар. 	
Аксы; Жалалабат облусунун түн.-батышында жайгашкан адм. район. 1928-ж. негизделип, Кызылжар р-ну деп аталган. Курамына Чаткал, Алабука, Кербен, Ташкөмүр аймактары кирип, Жалалабат кантонуна баш ийген. Райондун борбору Кербен кыштагы  болгон. 1936-ж. Алабука, Чаткал, Караван, Ташкөмүр өз алдынча район болуп түзүлүп, Кызылжар р-ну жоюлуп кеткен. 1943-ж. Ташкөмүргө шаар статусу берилгенине байланыштуу Ташкөмүр р-ну Жаңыжол р-ну деп аталып, райондун борбору Ташкөмүрдөн Малкалды (азыркы Жаңыжол)  айылына көчүрүлгөн. 1958-ж. районго Караван, 1963-ж. Чаткал, Алабука р-ндору кошулуп, борбору Караван айылы болуп калат. 1969-ж. Алабука, Чаткал р-ндору кайрадан бөлүнүп чыккан. 1991-жылдан Жаңыжол р-ну Аксы р-ну деп аталат. Түштүгүнөн ж-а түш.-батышынан Өзбекстан, батышынан Алабука, түн.-батышынан Чаткал, түн.-чыгышынан Токтогул, чыгышынан Ноокен р-ндору м-н чектешет. Аянты 3,5 миң км2. Калкы 103,8 миң (2002). Райондо 67 кыштакты бириктирген 12 айыл өкмөтү (Авлетим, Акжол, Аксуу, Жаңыжол, Жергетал, Каражыгач, Карасуу, Кашкасуу, Кербен, Кызылтуу, Кошдөбө, Үчкоргон) бар. Борбору — Кербен айылы. Райондун аймагы Карасуунун алабын (Нарын дарыясынын оң куймасы) бүт ээлейт. Жери тоолуу. Түн., түн.-батыш тарабында Чаткал, түштүгүндө Бозбутоо, ыгышында Атойнок кырка тоолору жайгашкан. Алардын ортосунда батыштан чыгышка Кербен  түздүгү  созулуп жатат. Кен байлыктары: таш көмүр, курулуш материалдары. Климаты континенттик. Жайы ысык, кышы анча  суук эмес. Январдын орт. температурасы тоо  этегиндеги ж-а тоо арасындагы дыйканчылык зоналарында —2... —3°C, июлдуку 24—25°C; тоолорунда январдыкы —4...—5°C, июлдуку 18— 22°C. Жылдык жаан-чачыны райондун түш. бөлүгүндө 290 мм, түн. ж-а түн.-чыгыш бөлүгүндө 600— 650 ммге чейин. Райондун аймагынан Пачата, Карасуу ж-а анын куймалары — Авлетим, Итагар, Аркыт ж.б. суулары агат. Алты көл бар; эң ириси — Cарычелек, анын тегерегинде Ийрикөл, Алакөл, Бакакөл, Кылакөл  сыяктуу көлдөрү бар. Өрөөндөрдө боз топурак басымдуу, мында шыбак, эрмен, адырашман, жылгын, камгак, ажырык чөптөр, о. эле мисте, бадам сыяктуу жемиш бактары өсөт. Тоолору (Чаткал) күрөң ж-а кара топурактуу келип, чекилдек, алма, алча, жаңгак, карагай ж. б. өсөт. Cарычелек коругу уюшулган. Негизинен кыргыз (1999-жылдагы эл каттоо б-ча 91,6%), о. эле өзбек, орус, татар, украин, тажик, уйгур ж. б. улуттар да жашайт. Калкынын орт. жыштыгы 1 км2 жерге 15 адам туура келет.
Ак-Башат;Ак-Башат - Кыргыз Республикасынын Чүй облусунун Жайыл районундагы айыл. Ак-Башы айыл округунун киргизилди.	
Ак-Бешим;Ак-Бешим (Кыр. Ак-Бешим.) - Кыргыз Республикасынын Чүй облусунун Чүй районундагы айыл. Ак-Бешим айыл округунун акимий борбору. Айыл областын тундук жагында жайгашкан, Чуй өрөнүндө, Токмок шаарына 2 чакырым түндүк-батыш жагына карай. Болжол менен Абсолюттук бийиктиги - деңиз денгээлинен 804 метр.	
Ак-Булак; Ак-Булак айылы Түп районунда жайгашкан.	
Ак-Булун;Ак-Булун (Кыр. Ак-Булун .) - Кыргыз Республикасынын Ысык-Көл облусунун Ак-Суу районундагы айыл. Ак-Булун айыл округу акимий борбору.                                               	
Ак-Булун;Күрмөнтү (КЫР. Күрмөнтү ) - Кыргыз Республикасынын Ысык-Көл облусунун Түп районуна караштуу айыл. Башкаруу борбору жана бир гана жердин Ак-Булак айыл округу
Ак-Дөбө;Ак-Дөбө (кырг. Ак-Дөбө) — Кыргыз Республикасынын, Жалал-Абад облусунун, Аксы районундагы айыл. Кербен шаарынын курамына кирет.
Ак-Добо; Ак-Добо айыл өкмөтү Бакай ата районунда Талас областында жайгашкан, маалымат толуктанат,
Ак-Добо;село	
Ак-Жар; Ак-Жар (КЫР. Ак-Жар, 2000-жылга чейин. - Крупская ) - Кара-Буура району Талас областынын айылында жайгашкан. Аманбаев айыл округуна киргизилди.
Ак-Жар;село	
Ак-Жол;Ак-Жол (кырг. Ак-Жол) — Кыргыз Республикасынын Жалалабат облусун Аксы районундагы айыл. Ак-Жол айыл округу курамына кирет.
Ак-Коргон;Ак-Коргон (КЫР. Ак-Коргон.) - Кыргыз Республикасынын Талас облусу.Осмонкулов айыл округуна кирет.
Ак-Кудук;Ак-Кудук (кирг. Ак Кудук) Нарын областы Ак-Кудук айыл өкмөтүө кирет. Айылдан 10 чакырым алыстыкта А367 трассасы жайгашкан.	
Ак-Кудук;Ак-Кудук айылдык округу Ак-Кудук айыл окмоту Ысык-Ата району Чуй облусунда жайгашкан.
Ак-Кыя;Нарын областынын Ак-Талаа районундагы Ак-Кыя айыл окуругуна караштуу кыштак. Нарын — Казарман авто жолунун боюнда жайгашкан. Райондун борбору Баетов кыштагынан 60 км түштүк-чыгыш тарапта. 1936-жылы негизделген. Калкы 664 (1986); негизинен кой чарбасында эмгектенишет. Орто мектеп, балдар бакчасы, фелдьшер-акушердик пункт, клуб, китепкана бар. 
Ак-Кыя;Нарын областынын Кочкор районундагы Сары-Булак айыл окуругуна караштуу кыштак. Кара-Кужур суусунун сол жээгинде жайгашкан. Райондун борбору Кочкор кыштагынан 57 км түштүк-чыгыш тарапта. 1946-жылы негизделген. Калкы 1176 (1986); негизинен мал чарбасында эмгектенишет. Оору¬кана, орто мектеп, маданият үйү, китепкана, универмаг бар. 
Ак-Кыя;Нарын областынын Нарын районундагы Чет-Нура айыл окуругуна караштуу кыштак. 1960-жылдарга чейин жерг. уруунун атынан Байгазак кыштагы, 1960-жылдан кыштактын батышындагы кыяны кеӊейткенде анын аты¬нан Ак-Кыя аталган. Нарын дарыясынын оң жээгинде. Райондун борбору Нарын шаарынан 15 км түндүк-чыгыш тарапта. 1930-ж. негизделген. Калкы 553 (1986); негизинен мал чарбачылыгында эмгектенишет. Орто мектеп, клуб, китепкана, фельдшер-акушердик пункт бар.
Ак-Кыя;Ош областынын Совет районундагы Кара-Кочкор айыл советине караштуу кыштак. Ак-Кыя суусунун жээгинде. Райондун борбору Кара-Кулжадан 6 км түндүк тарапта. Калкы 1740 (1986); негизи¬нен мал чарбасында, дыйканчылыкта (дан жана тоют өсүмдүктөрү) эмгектенишет. Орто мектеп, клуб, китепкана, фельдшер-акушердик пункт бар. 
Ак-Кыя;Ош областынын Фрунзе районундагы Көтөрмө айыл окуругуна караштуу кыштак. «Кадамжай» с-зунун аймагында. Фергана — Хамза-Абад авто жолунун боюнда. Райондун борб. Фрунзе кыштагынан 20 км. Калкы 118 (1987); негизинен мал чарбачылыгында, тамекичиликте эмгектенишет.
Акман;Акман Айылы Базар-Коргон районунда жайгашкан. маалымат толуктанат.
Ак-Моюн;Ак-Моюн (кырг. Ак-Моюн) — Кыргыз Республикасынын Нарын облусун Ат-Башы районундагы айыл. Ак-Моюн айыл округу курамына кирет.	
Ак-Муз;Ак-Муз айылынын борбору, райондун борборунан 32 км. алыстыктагы чыгыш тарапта жайгашкан. Балыкчы темир жолунан 282 км. Калкы 3184 (2000-ж . 1-январына карата). Орто мектеп, китепкана, оорукана, байланыш кызматы, дүкон, кичи базар, таза суу менен камсыз кылышууда 45 чорголуу суу водопроводу иштейт. Улуу Ата Мекендик согушта курман болгондорго эстелик орнотулган.
Акназаров; Акназаров айылы Талас областында жайгашкан. Анын курамына Кызыл-Октябрь, Бакай-Ата, Кок-Таш кирет.	
Ак-Сай;Ак-Сай (кырг. Ак-Сай) — Кыргыз Республикасынын Баткен облусун Баткен районундагы айыл. Ак-Сай айыл округу курамына кирет. 
Ак-Суу Жалал-Абад;Аксуу айылы Жалал-Жалал-Абад облусунун Аксы районунда жайгашкан. Аянты 31034 гектарды тузот.Калкы 6 минден ашык.Рельефи тоолуу.Сейрек кездешуучу металл кендери бар.Алтын,комур ж.б металл кендери бар.Ак-Суу айылында 2 мектеп,1 оорукана бар.Ак-Суу айылы 4 болукко болунот.Ак-Сай,Мазар,Тоо-Басты,Жаны-Талап.	
Ак-Тал;
Ак-Талаа;Ак-Талаа району - Нарын облусундагы район. Борбору - Баетов айылы. Калкынын саны 30643 киши. Райондо 18 айыл аймагы бар. 1936 жылы 2 сентябрда түзүлгөн. АКТАЛАА РАЙОНУ Нарын облусундагы адм.-айм. бирдик. Облустун түш.-батыш бөлүгүндө жайгашкан. Чыгышынан Нарын, түндүгүнөн  Жумгал, түштүгүнөн Атабашы, батышынан Жалалабат облусунун Тогузторо р-ндору  м-н чектешет. Аянты 6,4 миң км2 (Нарын облусунун аймагынын 14,2% түзөт). Район 1939-ж. түзүлгөн. Калкы 30,1 миң (2003). Район 11 айыл өкмөттөрүнө бөлүнгөн. Райондун аймагы Ортоңку Нарын өрөөнүндө жайгашкан. Түндүгүнөн Молдотоо, түштүгүнөн Жамантоо, түш.-батышынан Фергана тоо тизмеги м-н курчалган. Райондун аймагы дениз деңг. 1170– 4737 м бийиктикте. Кен байлыктарынан курулуш материалдардын кени бар. Климаты континенттик, кышы суук, узак, кар аз түшөт, жайы мелүүн, жылуу. Январдын орт. темп-расы –250С... –300С, июлдуку 250Сге чейин. Жылдык жаан-чачыны 300– 500 мм. Суу тармактары жыш; ирилери: Нарын, Алабуга, Аксай, Жамандаван, Жергетал, Коңорчок, Мазар, Актал, Коргон, Куртка ж. б. Райондун түн. бөлүгүндө Соңкөл жайгашкан. Боз ж-а күрөң топурак басымдуу. Боз топурактуу жерлеринде шыбак, эрмен, кара бүргөн, эбелек ж. б., тоолуу бөлүгүндө бетеге өсөт. Климаттын кургак болгондугуна байланыштуу чөл, жарым чөл ж-а талаа ландшафттары кеңири таралган. Түзөңдөрдө ж-а тектирлерде шыбак-эфемер өсүмдүктүү чөл, жарым чөл басымдуу;  топурагы агыш коңур же бозомтук күрөң топурактуу. Чаптуу жерлерде өсүмдүктөр өтө сейрек, бирин-серин баялыш, кара бүргөн, адырашман, чекенде, терескен, эбелек ж. б. өсүмдүктөр; батыш жагында ж-а Алабуга өрөөнүндө, ташшагылдуу жерлерде төөтаман, тикендүү куурай кезигет. Райондо  облустун калкынын 11,7% жашайт. Төрөлүүнүн деңгээли (2001-ж.) 24,70/00, өлүм-житим – 7,80/00, табигый өсүш – 16,90/00. Калкынын 99,9% кыргыздар; 45,8%и эмгек жашына чейинкилер, 46,1% эмгек жашындагылар, 8,1% эмгек жашынан өткөндөр. Орт. жыштыгы: 1 км2 жерге 4,7 киши туура келет. 2002-ж. районго көчүп келгендердин саны 154, кеткендердики 350 адам болгон. Миграциялык азаюу 196 түзгөн. 13,5 миң эмгек  жашындагы кишинин ичинен 1087 билим берүү, 536сы саламаттыкты сактоо, 204 байланыш ж-а транспорт, 185 коммуналык ж-а курулуш чөйрөлөрүндө, 6790 дыйкан ж-а фермер чарбаларында ж. б. иштейт.  		
Актам;село	
Актатыр;село	
Ак-Таш;село	
Ак-Терек;село	
Ак-Туз;село	
Ак-Турпак;село	
Ак-Чий;село	
Ак-Чий;село	
Ак-Чий;село	
Ак-Шыйрак;село	
Ала-Арча;село	
Ала-Бука; Жалалабат облусунун батыш бөлүгүн ээлеген  админ. район. 1936-ж. Кызылжар р-нунан бөлүнүп, өзүнчө район болуп уюшулган. 1956-ж. ага Чаткал р-ну кошулган. 1963-ж. Жаңыжол (Аксы) р-ну м-н биригип, 1969-ж. кайра бөлүнгөн. 1980-ж. Чаткал р-ну андан бөлүнүп кеткен. Түндүгүнөн Чаткал, чыгышынан Аксы р-ндору, түштүгүнөн ж-а батышынан Өзбекстан м-н чектешет. Аянты 3 миң км2. Калкы 74,4 миң (2002). Райондо 41 кыштак, 8 айыл өкмөтү (Алабука, Аккоргон, Актам, Биринчимай, Көксерек, Көкташ, Өрүктү, Ызар айыл өкмөттөрү) бар. Борбору  — Алабука кыштагы. Райондун аймагы көбүнчө Чаткал кырка тоосунун түш.-чыгыш тармактарын ж-а Фергана тоо тизмегинин этегиндеги адырларды ээлейт. Рельефи негизинен тоолуу. Чаткал кырка тоосунун капталдарынан түстүү ж-а сейрек кездешүүчү металл кендери ачылган. Сумсар ж-а Кабасай кендеринин мааниси зор. Курулуш материалдарына да бай. Климаты континенттик, кургакчыл. Адырларда январдын орт. температурасы —10° С, июлдуку 30° С, тоолордо январдыкы —20° С, июлдуку 20°С. Жылдык жаан-чачыны тоо этектеринде 300—400 мм, тоолордо 600 ммге чейин. Райондун аймагынан Алабука, Чаначсай, Терексай, Сумсар, Кабасай суулары агып өтөт. Бул суулар райондун ж-а Өзбекстандын жерлерин сугарууда пайдаланылат. Касансай суусунда суу сактагыч курулган. Райондун деңиз деңг. 1500 м бийиктикте ачык, кара  боз, 2600 м  бийиктикте кара кочкул, айрым жерлеринде кара топурак тараган. 1300—2500 м бийиктикте (Чаткал кырка тоосунун капталдарында) тоотокой топурагы басымдуу. Андан жогору тоо шалбаа топурагы мүнөздүү. Тоо этектериндеги түздүктө ж-а адырларда чекенди, улам жогорулаган сайын шыралжын, эрменшыбак, бетеге ж. б. өсүмдүктөр өсөт. Тоо капталдарында алча, алма ж. б. аралаш жаңгак, деңиз деңг. 3000 м бийиктикте арча токою, андан жогору субальп шалбаасы-жайыт ээлейт.
Алай; Алай району Ош облусундагы адм.аймактык  бирдик.  Ал  облустун  эң түштүгүндө жайгашып, чыгышынан Кытай, түндүгүнөн ж-а түн.-чыгышынан Каракулжа ж-а Өзгөн, батышынан ж-а түн.батышынан Карасуу, Ноокат ж-а Чоң Алай р-ндору, түштүгүнөн Тоолуу Бадакшан (Тажикстан) м-н чектешет. Аянты 7,6 миң км2 (Ош облусунун аймагынын 26,0%). Калкы 68,5 миң (2002). Борбору – Гүлчө кыштагы.  Район  12  айыл  өкмөтүнө бөлүнөт. Район 1928-ж. Алай-Гүлчө району болуп уюшулган; 1936-ж. андан эки район бөлүнгөн – Алай р-ну ж-а Чоң Алай району; 1959-ж. алар кайра биригип, Алай рну  болгон.  1992-ж кайра эки районго – Алай (бор. – Гүлчө кыш.) ж-а Чоң Алай (борб. – Дарооткоргон кыш.) райондоруна бөлүнгөн. Район бийик тоолуу Алай өрөөнү (чыгыш бөлүгү) м-н Гүлчө өрөөнүндө жайгашкан. Алай өрөөнү түн. бөлүгүнөн Алай кырка тоосу, түштүгүнөн Чоң Алай кырка тоосу (эң бийик жери – 7137 м., Ленин атн. чоку) м-н курчалган. Райондун деңиз деңг. эң жапыз жери 1560 м (Гүлчө өрөөнүндө). Кен байлыктары: көмүр, кайнатма туз, сымап, сурьма, вольфрам, чым-көң, мрамор, курулуш материалдары,  минералдуу ж-а ысык булактар ж. б. Климаты континенттик. Январдын орт. темп-расы Гүлчө өрөөнүндө – 7,5°С, Алай  өрөөнүндө – 14,4… – 17,5°С, июлдуку Гүлчөдө 18,9°С, Алайда 9–15,4°С. Жылдык жаан-чачыны 300–500 мм. Ири мөңгүлөрү: Корженевский, Ленин  ж. б. Суу тармактары жыш; ирилери: Гүлчө, Кызылсуу, Көксуу ж. б. Райондун түн.-чыгыш бөлүгүн ж-а орто бийиктиктеги тоолордун түн. капталдарын карбонаттуу күрөң топурак ээлеп, буудайыктуу  талаа  ж-а  шалбаалуу  талаа өсүмдүктөрү өсөт. Ушул эле бийиктиктеги тоо капталдарынын чыгыш экспозицияларын майда дүңгөлүү, бетегелүү ж-а бетеге-түрдүү чөптүү талаа ээлейт. Талаа ж-а шалбаалуу талаа алкактары бийиктеген сайын токой ж-а шалбаа алкактарына өтөт. Тоо капталдарынын түн. ж-а чыгыш экспозицияларынын тескей беттеринде (күңүрт-коңур тоо токой топурагында) арча ж-а сейрек токой өсөт. Тоо-талаа топурактуу субальп ж-а альп алкактарында субальп ж-а альп шалбаалуу талаа ж-а талаа өсүмдүктөрү басымдуу. Кууш капчыгайларда бадал (итмурун, табылгы, изирик ж. б.), суу жайылмаларында чычырканак, тал, терек ж. б. кездешет. Нивалдык алкакта рихтерия, мамыры чөп ж. б. өсөт. Баалуу айбанаттарды коргоо ж-а көбөйтүү максатында Куршаб суусунун жайылмасында Гүлчө заказниги уюшулган	
Алайкуу;село	
Аламудун;село	
Алга;село	
Александровка;село	
Алмалуу;село	
Алтын-Булак; Алтын-Булак (кырг. Алтын-Булак) — Кыргыз Республикасынын Ош облусун Өзгөн районундагы айыл окмоту. Алтын-Булак айыл округу курамына кирет.	
Аманбаев;село	
Ананьево;село
Араван;	Араван району  Ош   облусундагы адм.-аймактык бирдик. Ал облустун түн.батышында жайгашып, түндүгүнөн ж-а түн.-батышынан Өзбекстан, түштүгүнөн Ноокат,  чыгышынан  Карасуу р-ндору м-н чектешет. Аянты 1259 км2 (облустун аймагынын 2,1%). Калкы 96,2 миң (2002). Район 6 айыл өкмөтүнө бөлүнөт. Борбору – Араван  кыштагы.   Район   1935-ж. уюшулган. Район Фергана өрөөнүнүн өндүрүнөн орун алган. Аймагы адырлуу. Түн. бөлүгү деңиз деңг. 500–700 м, түштүгү 700–1500 м бийиктикте. Курулуш материалдарынын кени бар. Климаты  континенттик. Январдын орт. темп-расы –2… –3°С, июлдуку 28°С. Жылдык жаан-чачыны 290–300 мм. Ири суусу – Аравансай (Ноокат р-нун аймагында Кыргызата аталат). Сугатка пайдаланылат. Райондун түн. бөлүгүнөн Түш. Фергана каналы өтөт. Кыртышы боз топурактуу. Аймагынын көп бөлүгү айдалган, айдалбаган түзөң бөлүгү шыбак-баялыштуу, адырлар эфемер-шыбактуу келип, жарым чөлгө мүнөздүү өсүмдүктөр өсөт.
Арал;село	
Арал;село	
Арал;село	
Арашан;село	
Арстанбап;село	
Арстанбап;село	
Арча-Кайынды;село	
Асылбаш;село	
Атабеков;село	
Атай;село	
Ат-Башы; Атбашы – Нарын облусунун түш. бөлүгүндөгү адм. район.  1930-ж. уюшулган. . Атбашынын оң жээгин бойлото (Каракоюн суусу куйган жерге жакын) жайгашкан. Бишкектен 402, Нарындан 46, Балыкчы т. ж. бекетинен 226 км аралыкта. 1888-ж. негизделген. Калкы 11949 (2002). 14 улуттун өкүлү жашайт. Кыш з-ду, наабайкана ж. б. иштейт. Үч орто мектеп, мектеп-интернат, бала бакча, №32 кесиптик-тех. окуу жайы, бейтапкана, оорукана, дарыкана, кинотеатр, маданият үйү, почта, ашкана, кафе, cпорт курулмалары, минералдуу суу куюучу, элди турмуш-тиричилик жактан тейлөөчү кичи ишканалар ж. б. 59 мекемеишкана бар. Чегарачыларга эстелик тургузулган. А-да совет мезгилине чейин кербен сарай (Бишкек–Кашкар  соода жолунда) жайгашкан. Кошойкоргон ш. чалдыбары, Чечдөбө айылдын батыш тарабында. Чыгыш тарабында Атбашы суусун бойлой тал, терек өскөн токой бар. А. аркылуу Улуу Жибек жолу өткөн, айылга жакын жерден эл аралык Бишкек–Торугарт авт. жолу өтөт. А. айыл өкмөтү 1997-жылдан «ЖаңыТурмуш» деген гезит чыгарат. Түш. ж-а түш.-чыгышынан Кытай, чыгышынан Жетөгүз, түндүгүнөн Нарын, түн.-батышынан Акталаа, батышынан Ош облусунун Өзгөн, Каракулжа р-ндору м-н чектешет. Аянты 19,1 миң км2. Калкы 50118 (2002). Райондо 11 айыл өкмөтү, 19 кыштак бар. Борбору – Атбашы кыштагы. Райондун аймагын Ички Теңиртоонун бийик тоолуу бөлүгүндө жайгашкан Атбашы, Аксай, Арпа өрөөндөрү, Чатыркөл ойдуңу ж-а аларды чектеп жаткан Байбиче, Каратоо, Аламышык, Нарын, Атбашы, Какшаал сыяктуу бийик кырка тоолор ээлейт. Өрөөндөрү 2000–3800 м бийиктикте жатат. Эң бийик жери – Какшаал тоо тизмегиндеги Данков чокусу (5982 м). Кен байлыктары: мрамор, чопо, мергель, туз, сымап ж-а калай. Ошондой эле курулуш материалдары, минералдуу суу булактары ж. б. Климаты континенттик. Июлдун орт. темп-расы дыйканчылык өрөөндөрүндө 12–18°С, бийик тоолуу сырттарда (Аксай, Арпа өрөөндөрүндө) 10–15°С; кышы   суук,  январдын   орт.  темп-расы –18... –29°С. Аксай өрөөнү – Орто Азиянын «суук уюлу» (абс. минимуму – 53,6°С). Жылдык жаан-чачыны өрөөндөрдө 300– 350 мм, тоолордо 400–450 мм. Кыш 5–8 айга созулуп, кар 20–30 см калыңдыкта түшөт. Атбашы кырка тоосунда, Какшаал, Фергана тоо тизмектеринде, Арпа, Чатыркөл, Аксай өрөөндөрүндө (300 м бийиктиктен жогору) түбөлүк тоң жатат. Ири суулары: Атбашы, Аксай, Каракоюн, Арпа ж. б. Райондун түш.-батышында респ-дагы ири көлдөрдүн бири – Чатыркөл жайгашкан. Тоолоордун нымдуу түн. капталдарында токой (карагай, бай терек), бадал ж-а шалбаа өсүмдүктөрү, түш. капталдары кургакчыл келип, көбүнчө бетеге, шыбак өсөт. Калкынын негизин кыргыздар түзөт, о. эле өзбек, дуңган, уйгур, татар, орус, казак ж. б. улуттар да бар. Орт. жыштыгы 1 км2 жерге 1,5 киши. Райондо негизинен мал чарбасы өнүккөн. Өрөөндөрүнүн бир аз гана бөлүгү дыйканчылыкта пайдаланылып (Атбашы өрөөнү), көбү жайыт (Кырг-ндын жалпы жайытынын 12%ке жакыны). 2002-ж. райондо 116903 кой, эчки, 23366 уй (а. и. сааны – 13915), 17892 жылкы, 26 чочко, 31152 үй канаттуусу, 88 коён,  22 төө болгон.
Багыш;село	
Баетов; Баетов – кыштак,  Акталаа  р-нун   ж-а Баетов айыл өкмөтүнүн борбору. 1928-ж. негизделип, адегенде Актам, 1930-жылдардан 1981-жылга чейин Дөрбөлжүн аталган. Бул айыл өкмөтүнө Баетов, Терек, Кайыңдыбулак, РТС участкалары да карайт. Терек суусунун сол өйүзүндө жайгашкан. Бишкектен 490, Балыкчы т. ж. бекетинен 310 км түш.-батышта, Нарындан 120 км батыш тарапта. Калкы  9399  (2002). Айылда темир-бетон буюмдар, сүт, нан з-ддору иштейт. Үч  фельдшер-акушердик пункт, дарыкана, бейтапкана, борборлоштурулган оорукана, 5 мончо, клуб, кинотеатр, маданият үйү, 4 орто мектеп, кесиптик-тех. окуу жайы, АТС, көптөгөн соода уюмдары, суу түтүктөрү ж. б. бар. Айыл Муса Баетовдун ысмынан аталаган.  	
Базар-Коргон; Жалалабат облусундагы  админ.-бирдик.  1934-ж. чейин анын курамында Масы р-ну да болгон. 1937—78-ж-дын аралыгында Масы ж-а Базаркоргон р-ндору эки жолу биригип, кийин Ленин р-ну аталган. 1978-жылдан Базаркоргон өзүнчө район. Батышынан Ноокен, түндүгүнөн Токтогул, түн.-чыгышынан Тогузторо, чыгышынан ж-а түштүгүнөн Cузак райондору, түш.-батышынан Өзбекстан м-н чектешет. Аянты 2,0 миң км2. Калкы 121,4 миң (2001).   Борбору — Базаркоргон кыштагы. Ал облустун борбору ж-а темир жол бекети Жалалабат ш-нан ж-а аэропортунан 33 км аралыкта. Райондун аймагы негизинен Карүңкүр өрөөнү  ж-а аны курчап турган Бабашата кырка тоосунун  түш.-чыгыш, Кеңкол, Фергана тоолорунун түш.  капталдарын, о. эле Фергана өрөөнүнүн түн.-чыгыш өндүрүнүн бир аз бөлүгүн ээлейт. Өрөөндүн  жогорку бөлүгү кууш, капчыгайлуу, Чарбак  кыш. тушта эки айрыкка — Кызылүңкүр өрөөнүнө  ж-а  Арстанбап өрөөнүнө  бөлүнөт. Бул аймактар жапайы жаңгак-жемиш токою м-н капталып, табияты кооз.  Өрөөндүн ооз тарабы (түш.батыш бөлүгү) жайык (жазылыгы 70 кмге чейин), акырындап Фергана өндүрүнө өтөт. Өрөөндүн таманынын деңиз деңг. бийиктиги 600—1400 м. Райондун табигый байлыгынын негизин Арстанбап, Кызылүңкүр, Каба, Ачы жапайы жаңгак-жемиш токой массивдери, курулуш материалдары, минералдуу суулары түзөт. Климаты мелүүн континенттик, жер ортолук деңиз тибиндеги климатка окшош. Кышы мелүүн  суук,  январдын  орт.  темпрасы —3... —10°C; жайы кургакчыл, ысык, тоолуу бөлүгүндө салкын, июлдун орт. температурасы 10—20°C. Жылдык жаанчачынынын өлчөмү түзөң бөлүгүндө 300— 400 мм, тоолуу бөлүгүндө 1100 ммге чейин. Өрөөн аркылуу Карүңкүр суусу агат; ал Фергана (Миңтеке, Музтөр) ж-а Бабашата тоолорунан башталып, Кызылүңкүр, Жазкечүү ж-а Арстанбап сууларынын кошулушунан түзүлөт. Көлдөрүнөн Кеңкол, Кутманкөл, Каракол сыяктуу ж. б. чакан көлдөрү бар. Жери негизинен боз, кара күрөң ж-а күрөң-тоо  топурактуу. Райондун аймагына ландшафтын бийиктик алкактуулугу мүнөздүү.  Деңиз деңг. 600— 900 м бийиктикте ландшафт ж-а чөл өсүмдүктөрү, андан жогору (800—1200 м) жарым чөл, 1000—2000 мде талаа ж-а бадал, 1100—2500 мде жаңгак-жемиш токою, шалбаа ж-а бадал, 2600—3200 мде шалбаалуу альп,  3200—3500 мде шалбаалуу альп, 3500 мден жогору гляциалдык-нивалдык ландшафт алкактары таралган. Б. рнун аймагында Түш. Кырг-ндагы жапайы жаңгак-жемиш токоюнун эң жыш массивдери (Арстанбап, Кызылүңкүр) жайгашкан. Ал массивдер-дүйнөдөгү эң кооз жерлердин бири. Кооздукту жыш өскөн жапайы жаңгак-жемиш токою түзөт. Жаңгакка аралаш алча, алмурут, карагат, кайналы, айвансари, алма ж. б. мөмөжемиштер, о. эле шилби, итмурун, асамуса, карамарт, ыргай, четин өсөт. Токой арасындагы ачык аянттарды бийик өскөн шалбаа өсүмдүктөрү ээлейт. Cуу боюнда терек, тал, чычырканак ж. б. өсөт. Жаңгак токоюнун жогорку чегинде карагай, акчечек, кайың, шилби, табылгы кездешет. Токойду калыбына келтирүү ж-а көбөйтүү максатында жаңы көчөттөр отургузулуп турулат. Район рекреациялык ресурстарга бай; анын табиятынын өзгөчөлүгү, климатынын жагымдуулугу туристтерди, эс алуучуларды өзүнө тартат. Айтылуу Арстанбап, Кызылүңкүр өрөөндөрүндөгү эс алуу жайларына, табият эстеликтерине  (жапайы жаңгак жемиш токойлуу ландшафтына, шаркыратмаларына ж. б.) жылына миңдеген туристтер келип эс алып кетишет. 
Базар-Коргон; село	
Байзак; село	
Байтик; село	
Бакай-Ата; Талас облусуна караштуу Бакай-Ата району Кыргыз ССРин Жогорку Советинин Президиумунун Указы менен 1936-жылдын 2-сентябрында Ленинполь району катары уюшулуп, 1992-жылдын 26-майында Бакай-Ата району болуп аты өзгөрүлүп которулган. Бакай-Ата районунун территориясы 2317,8 чарчы километрди түзүп, Талас областынын территориясынын 20,3 пайызын түзөт. Бакай-Ата району Талас өрөөнүнүн борбордук бөлүгүндө жайгашып, чыгышынан Талас, батышынан Кара-Буура райондору, түштүгүнөн Талас тоо кыркасы, ал эми түндүгүнөн Эчкили тоо кыркалары менен чектелет. Райондун аймагы боюнча түндүктөн түштүккө Урмарал жана Күмүштак дарыялары агып, Талас дарыясына куюшат. Деңиз деңгээлинен 1200-1400 метр бийиктикте жайгашкан.	
Бакайыр; село	
Бакыян; село	
Балтагулов;село	
Барпы;село	
Барскоон;село	
Баш-Добо;село	
Баш-Кайынды;село	
Баш-Кууганды;село	
Бейшеке;село	
Бекмолдо;село	
Бел;село	
Бел-Алды;село	
Беловодск;село	
Бердике-Баатыр;село	
Бешик-Жон;село	
Бешик-Жон;село	
Бешкент;село	
Беш-Терек;село	
Бирдик;село	
Биринчи май;село	
Бирлик;село	
Боз-Учук;село	
Болот Мамбетов;село	
Боо-Терек;село	
Боролдой;село	
Бору-Баш;село	
Бостери;село	
Будалык;село	
Булолу;село	
Бурана;село	
Бургонду;село	
Васильевка;село	
Военно-Антоновка;село	
Вознесеновка;село	
Гавриловка;село	
Гроздненский;село	
Гулистан;село	
Гулчо; Гүлчө (кырг. Гүлчө) — Кыргыз Республикасынын Ош облусун Алай районундагы айыл. Гүлчө айыл округу курамына кирет.               ______________________________________________                Гулчо эмне себептен Гулчо деп аталган? Илгери–илгери кара Кытай элине да озго журтка таанымал, адилет, акылман хан болгон экен. Кудайга канча заарлап какшаса да артында туягы жок, перзент көрбөптүр. Күндөрдүн бир күнүндө, ошол кара Кытай ханы жер кыдырып, эл кыдырып, кыргыз жерине Алайда эс алып жүргөндө, тоо арасындагы гул талаада айперидей кыз перзенттуу болуптур. Кудайдан миң ирет жалынып суранса да, перзент корбой, бала жытына зар болгон хан, коз жашы төгүлө сүйүнүп, чоң той өткөрүп, кызынын атын «Тоо–Гүлү» же "Гүлшань" деп коюптур. Татынакай наристеге арнап, Кытай хан кызы төрөлгөн жерине гүл талаага ак сарай курдуруп, айланасын коргондоп, сарай ичин тайгылткан гүлбакчага айлантат. Кызы бойго жетип, артараптан жуучу келе баштайт. Бирок Гүлшанга ылайыктуу күйөө чыкпайт. Гүлшандын сулуулугу бут дуйно жүзүнө таркайт да, кыргыз элинин аксаклдары кенешип олтуруп, кызды кайда тарттырып жиберебиз деп, кытай ханына келишет. Ханга кыргыз элинин меймандостугу, кен пейилдиги, Алайдын жери, суусу, таза абасы жагып, кызына тендеш, акылман, айкол батырын ала келишет. Гүлшань ал жигитти бир коруп жактырып калат. Кара Кытай ханы терең ойлонуп, насаатчы кеңешчилери менен жалгыз кызынын оюна макул болушат. Ошентип, тогуздап токту толо мал айдап күйөө-кыз ордого келет. Той күнү дасторкон жайылып, түркүн даамдар менен толот. Ошол учурда Гүлшань дасторкондогу мейизден уучтап алып, оозуна салат. Мейиздин арасында уулу каракурт болгон. Каракурттун уусунан кыз заматта коз жумат. Ааламды карангылык каптап, не кытай ханы, не кудаалар эмне кылаарын билбей, оозунан алдырган куштай абдырап, ичтеринен кайгынын зили каптап олтуруп калган дешет. Гулшань мекендеген көк булун анын атынан, тилдеги орфогрфиялык өзгөрүүлөрдөн кийин Гүлчө деп өзгөргөн. 	
Дара;село	
Дархан;село	
Доболу;село	
Долоно;село	
Дон-Булак;село	
Достук;	Достук – Нарын р-нундагы Достук айыл өкмөтүнө караштуу шаарча. 1968-ж. Атбашы ГЭСинин курулушуна байланыштуу негизделип, анда иштеген көп улуттун өкүлдөрүнүн достугунун символу катары аталган. Орто Нарын өрөөнүнүн түн.-чыгыш бөлүгүнөн, Байбичетоонун түн. этегинен орун алган.  Атбашы суусу м-н Нарын д-нын кошулган жеринде. Балыкчы т. ж. бекетинен 215 км, Нарындан 30 км батышта. Калкы 817 (2002), негизинен Атбашы ГЭСинде, транспортто, соодада ж. б. эмгектенишет. Шаарчада Атабашы ГЭСи, гипс заводу, орто мектеп, кесиптиктех. окуу жайы, фельдшер-акушердик пункт, клуб, китепкана ж. б. бар. 
Дуйшеев;село	
Жазы;село	
Жайыл;село	
Жалпак-Таш;село	
Жан-Булак;село	
Жаны-Алай;село	
Жаны-Алыш;село	
Жаны-Арык;село	
Жаны-Арык;село	
Жаны-Жер;село	
Жаны-Жер;село	
Жаны-Жол;село	
Жаны-Жол;село	
Жаны-Ноокат;село	
Жаны-Пахта;село	
Жаргылчак;село
Жетиген; Жетиген (кырг. Жетиген) — Кыргыз Республикасы Жалалабат облусунун Аксы районундагы айыл. Кербен шаарынын курамына кирет.	
Жекенди;село	
Жерге-Тал;село	
Жерге-Тал;село	
Жерге-Тал;село	
Жерге-Тал;село	
Жети-Огуз;село	
Жоош;село	
Жумгал;ЖУМГАЛ РАЙОНУ – Нарын  облусундагы   адм.-айм.  бирдик. 1932-ж. уюшулган. Түндүгүнөн  Чүй облусу, түштүгүнөн Тогузторо, Акталаа, Нарын, батышынан Токтогул, чыгышынан  Кочкор р-ндору м-н чектешет. Чүй өрөөнүнөн  Кыргыз Алатоосу   бөлүп турат.  Аянты 5221 км2, батыштан чыгышка  100–120 кмге, түндүктөн түштүккө 70–80 кмге  созулат. Калкы 42,3 миң (2003).  Борбору – Чаек кыштагы. Район толугу м-н  Ички Теңиртоодо жайгашкан. Жери тоолуу, деңиз деңг. 2000 мден жогору жатат. Түндүгүнөн Жумгал кырка тоосу, түштүгүнөн Молдотоо, чыгышынан Сандык тоосу, батышынан  Суусамыр кырка тоосу чектейт. Бийик  чокусу – 4185 м, Миңкуш суусунун башында.  Молдотоонун Көкөмерен капчыгайына ж-а  Миңкуш өрөөнүнө караган  түн. капталдары жазы, батышы тик ж-а аскалуу. Райондун  аймагы кен байлыктарга бай. Каракече,  Кабак, Миңкуш, Көкмойнок, Карасуу  күрөң көмүр, курулуш  материал кендери, минералдуу суу булактары ж. б. бар. Климаты континентик. Кышы суук ж-а узак; январдын  орт. темп-расы –15...–16°С, жайы  ысык  (өрөөндө  30–32°С). Жылдык жаан-чачыны тоолорунда 250–500 мм, өрөөнүндө 350–370 мм. Ири суулары: Көкөмерен, Жумгал, Суусамыр, Каракол ж. б., көлдөрү: Соңкөл, Аккөл, Сарыкөл, Башкуугандыкөл, Сандык ж. б. Райондун аймагында  ачык куба, коңур, тоо шалбаалуу талаа субальп, тоо шалбаалуу каралжын, тоо токойлуу, тоо чымчалачым көңдүү альп  топурактары таралган. Ачык  куба күрөң топурак өрөөндүн таманын ээлеп, негизги жер фондусун түзөт. Өсүмдүктөрү  тоолуу  рельефине  ж-а климаттык  шарттарынын  бийиктикке жараша өзгөрүшүнө байланыштуу ар түрдүү. Өрөөндүн таманында ж-а тоо этектеринде чөл ж-а жарым чөл  өсүмдүктөрү таралган. Жалпысынан  эфемерлер, эфемероиддер басымдуулук кылат. Алар бетеге, аккылкан, эрмен, кой тикен, төө таман, чий, кокуй  тикен,  чекенди  ж. б.  Өрөөндүн 2000 м  бийиктикте жаткан түзөң  жерлери м-н тоо этектерин чөл ж-а жарым чөл зоналары ээлейт; мындагы боз топуракта чий, шыбак, эрмен,  суу жээктеринде шалбаа өсүмдүктөрү өсөт. Өрөөндөрдү  курчаган тоолордун капталдарына субальп, альп (3300 м) шалбаалары мүнөздүү; алар негизинен жайытка пайдаланылат. Кабак тоосунун  тескей беттеринде карагай, бадалдуу токой, Суусамыр, Батыш Караколдун төмөнкү агымдарын  бойлой тал, терек, чычырканак ж. б.   өсөт. Жеринин басымдуу бөлүгү таштуу, жылаңач дөңсөөлүү аймакты түзөт. Дыйканчылыкка ыңгайлуу жери деңиз деңг. 1400–2300 м бийиктикте жайгашкан. 	
Жылалды;ело	
Жээк;село	
Зергер;село	
Зулпуев;село
Исфана;Баткен облусундагы шаар (2001-жылдан). Лейлек р-нун борбору. Облустун борб. - Баткен ш-нан 100 км батыш,  Пролетарск т. ж. бекетинен (Тажикстан) 45 км түш. тарапта, Карасуу өзөнүнүн боюнда, деңиз деңг. 1300 м бийиктикте жайгашкан.  Калкы 26,3 миң (2002). Шаардын курамына Акбулак, Голбо,Мырзапача, Тайлак, Самат ж-а Чамген кыштактары кирет. Шаардык өкмөттүн жалпы аянты 227 миң гадай (2002); а. и. айдоого жарактуу жери 6,6 миң га  сугат жер 1,2 миң га,  кайрак жер 5,4 миң га. Исфанада  2002-ж. түрдүү менчиктерге таандык 54 ишкана, мекеме ж-а уюмдар иштеген. Калкы  негизинен  дыйканчылыкта-тамеки, жашылча ж-а мөмө-жемиштерди өстүрүүдө, мал чарбасында - кой, эчки багууда эмгектенишет. Шаарда жалпы билим берүүчү 13 мектеп (а. и.  4 орто мектеп, 2 гимназия),  2 бала бакча, кесиптиктех. окуу жайынын филиалы, маданият үйү, 2 клуб, 4 китепкана, тарых ж-а край тануу музейи, мейманкана, райондук оорукана, санитардык-эпидемиологиялык станция үй-бүлөлүк дарыгерлер тобу ж-а 4 медпункт бар.
Ибраимов;село	
Ивановка;село
Ийри-Суу Нарын;село	
Ийри-Суу Ош;село	
Ильич;село	
Интернациональный;село	
Исанов;село	
Искра;село	
Кабак;село	
Кабылан-Кол;село	
Кадамжай; Баткен облусундагы адм. район. 1938-ж. 2-мартта уюшулган (1999-ж. чейин Фрунзе району). Облустун чыгыш б?л?г?нд? жайгашып, батышынан  Баткен р-ну,  т?шт?г?н?н Ош облусунун Чо? Алай,  Ноокат р-ндору, т?нд?г?н?н ?збекстан м-н чектешет. Аянты 6,1 ми?  км2. Калкы  151,0 ми?  (2002). Борбору – П?лг?н  кыштагы. Район Фергана  ?р??н?н?н тоо этегиндеги т?ш. б?л?г?н ж-а   Алай кырка тоосунун ?р??нг?  караган т?н. тарабын ээлейт. Де?из де?г.  э?  жапыз  жери 700 м (Б?рг?нд? массивинде),  э? бийик жери 5259 м (Алай кырка тоосунда). Фергана ?р??н?н адырлар чектеп, айрым жерлеринде т?зд?кт?р  кездешет.	Адырлардан т?шт?г?р??к этек тоолор зонасы  жатат. Андан ары Караван-К?кжар (батыш б?л?г?),	Охна ж-а Айдаркен ойду?дары жайгашкан. Райондун аймагы табигый кендерге бай. Отун ресурстарынан к?р?? к?м?рдун мааниси зор (Кызылкыя, Бешбуркандын батыш чети).	Сурьма ж-а сымаптын (Кадамжай, Айдаркен, Кан ж. б.) запасы б-ча Борб. Азияда алды?кы орунда. Курулуш материалдары (гипс, мамы таш, кум-шагыл, чопо ж. б.), коргошун, алтын кендери бар.	Климаты континенттик. Жайы ысык, кургакчыл, кышы мел??н суук. Январдын орт. темп-расы  т?зд?кт?р"	
Кажы-Сай;село	
Казан-Куйган;село	
Казыбек;село	
Каинды;село	
Кайназарова;село	
Кайынды;село	
Калба;село	
Камышановк;село	
Каныш-Кыя;село	
Капчыгай;село	
Кара-Алма;село	
Кара-Бак;село	
Кара-Булак;село	
Кара-Булак;село	
Кара-Бургон;село	
Кара-Буура;село	
Кара-Гуз;село	
Кара-Дарыя;село	
Кара-Жал;село	
Кара-Жыгач;село	
Каракол;село	
Кара-Кочкор;село	
Кара-Коюн;село	
Кара-Кужур;село	
Кара-Кулджа; Кара-Кулжа – Ош облусундагы админ. бирдик. Түн. ж-а түн.-батышынан  Өзгөн, чыгышынан Нарын облусунун Атбашы, батышынан Алай р-ндору, түштүгүнөн Кытай м-н чектешет. Аянты 5,7 миң  км2 (Ош облусунун  аймагынын 19,6%). Калкы 83,6 миң киши (2002). Район 11 айыл  өкмөтүнө  бөлүнгөн. Борбору – Каракулжа  кыштагы. Район 1937-ж. уюшулган. Жери  негизинен  тоолуу, Каракулжа ж-а Тар сууларынын алабынан орун алган. Эң бийик жери 4900 м (Үчсейит массивинде), эң жапызы – 780 м. Райондун аймагында Фергана тоо тизмегинин чыгыш тармактары ( Үчсейит, Тасыракай ж. б.), Академик Адышев, Алайкуу кырка тоолору, Алайкуу, Каракулжа, Кулун, Капчыгай, Ажыке  өрөөндөрү   жайгашкан. Табигый ресурстарынан Каракулжа, Кулун, Терек ж. б.  минералдуу суулары, курулуш материалдардын кендери бар. Климаты  континенттик.   Кышы   суук, кар  арбын жаайт. Январдын орт. темпрасы –10…–14,8°С; жайы ысык, кургак, июлдуку 25 – 15,3°С. Жылдык жаан-чачыны 350–571 мм. Ири суулары: Тар (куймалары: Кулун, Терек, Алайкуу, Акбогуз ж.б.), Каракулжа (Сурташ, Тасыракай ж. б.). Көлдөрү: Кулун, Көлкайыңды ж. б. Эгилме ландшафт 780–1000 м  бийиктикти ээлейт. Андан жогору каралжын боз топурактуу талаа (1000–2000 м),   кара топурактуу бийик тоо талаасы, токой (2500– 3000 м), альп ж-а субальп, гляциалдыкнивалдык ландшафт алкактары мүнөздүү. 	
Кара-Ой;село	
Карасаев;село	
Кара-Суу; Кара-Суу – Ош облусунун борб. бөлүгүндө жайгашкан адм. район. Чыгышынан Өзгөн,  түштүгүнөн ж-а түш.-чыгышынан Алай, батышынан       Ноокат ж-а   Араван   р-ндору, түндүгүнөн   Өзбекстан м-н чектешет. Аянты 2,8 миң км2 (Ош облусунун аймагынын 9,7%).  Калкы 307,7 миң (2002-ж.; облустун калкынын 25,0%). Район 15 айыл өкмөтүнө бөлүнгөн. Борбору – Карасуу шаары. Район 1935-ж.   уюшулган. Район Ош-Карасуу түздүгүн, Алай кырка тоосунун  түн. тармактарын, адырларды ж-а Кичи Алай  өрөөнүнун бир аз  бөлүгүн ээлейт. Ош-Карасуу түздүгү  деңиз  деңг. 800–1200 м бийиктикте жатып,   Ортотоо (бийикт. 1184 м), Кароолтоо (1115 м), Сулайман (1167 м) тоолору ж-а Отузадыр адырлары м-н курчалган. Аймагында  көмүрдүн (Алмалык) ж-а курулуш материалдарынын кендери чыгат. Климаты континенттик, түзөң  бөлүгүндө жайы ысык. Январдын  орт. темп-расы –3,3°Сден (өрөөндөрүндө)  –6,9°Сге чейин (тоолордо), июлдуку 15–24,4°С. Жылдык жаан-чачыны 300–500 мм. Ири суулары: Акбуура, Куршаб, Талдык ж. б. Түзөң бөлүгүндө боз, тоо жагында  күрөң топурак басымдуу.  Деңиз  деңг. 800–1500 м бийиктикте жарым  чөл, 1400–3000 мде талаа, 1800–3500 мде шалбаалуу талаа, 1800–3000 мде шалбаа, 1000–2700 мде бадал  өсүмдүктөрү, 1700–3000 мде токой (көбүнчө арча) өсөт. 		
Кара-Таш;село
Каргалык;село	
Кароол;село	
Катран;село	
Катта-Талдык;село	
Кашка-Жол;село	
Кашкар-Кыштак;село	
Кашка-Суу;село		
Кегети;село	
Кемин;село	
Кен-Арал;село	
Кен-Булун;село	
Кенеш;село	
Кереге-Таш;село
Кербен;	Кербен шаары Жалал-Абад облусунун борбору, Жалал-Абад шаарынан 220 км, Таш-Көмүр шаарындагы темир жолдон 60 км аралыкта, облустун түндүк-батыш тарабында жайгашкан. Шаар 1930-жылы; Караван кыштагы болуп негизделген, 2004-жылдын 4-октябрда кыштакка шаар статусу берилип, аталышы Кербен болуп өзгөрүлгөн. 
Керме-Тоо;село	
Кетмен-Тобо;село	
Кок-Арт;село	
Кок-Бел;село
Кок-Жангак; КӨКЖАҢГАК  («көк» иран тилдеринде «кух» — тоо маанисин билдирет; тоо жаңгагы) — Жалалабат облусундагы Сузак   р-нун аймагында, шаар (1943жылдан); темир жол бекети. Шаар Фергана тоо тизмегинин түш.-батыш этегинде, Көгарт суусунун сол куймасы — Коргонташ суусунун боюнда, Cерүүндөбөгө   жакын,   деңиз  деңг. 1350— 1590 м бийиктикте жайгашкан. Жалалабат шаарынан 30 км түн.-чыгыш тарапта,  табияты кооз жаңгак-жемиш токойлуу аймакта жайгашкан. Шаар жайгашкан аймактын кышы жумшак (январдын орт. температурасы —10°Cге чейин), жайы салкын (июлдуку 20°C). Жаан-чачындын жылдык орт. өлчөмү 450 мм, көбүнчө кыш ж-а жаз айларында жаайт.  1958-ж. К. ш-нда калктын саны 27 миңге жеткен. Калкы 10374 (2001). Көп улуттуу: көбү кыргыздар, о. эле орус, өзбек, татар, курд ж. б. К. кыштак катары 1896-ж. негизделген. Анын эски калдыктары шаардын түш.-батыш тарабында (4—5 км аралыкта) тоонун этегинде сакталган. Көмүр 1910-жылдан казып алына баштаган. 1931-ж. Жалалабат — Багыш — Көкжаңгак темир жолу курулган. 1932-ж. «Көкжаңгак көмүр» кен башкармасы уюшулуп, анда алгачкы жолу план б-ча 160,5 миң т, ал эми 1979-ж.  724 миң т көмүр казылып алынган. Шаарда таш көмүр шахтасы,  кийим тигүү фабрикасы (1968-жылдан иштейт), Жетиген» (1972-ж. ишке киргизилген «Профиль» заводу), «Коргонташ»,  «Тулпар» акционердик коомдору, «Гүлазык»  нан заводу, банк, байланыш бөлүмү, турмуш-тиричилик комбинатынын бөлүмдөрү, басмакана, дүкөн, ашкана, чайкана, ресторан ж.б. иштейт. Транспорттук ж-а экон. байланыштары темир ж-а автомобиль жолдору аркылуу жүргүзүлөт. К. автобекети 1979-ж. курулган. Шаарда кесиптик-тех. лицей, 5 орто мектеп, муз. мектеп, спорт мектеби, шаардык китепкана, оорукана (1935-жылдан иштейт),  4 бала бакча,  бейтапкана, дарыкана,  тез жардам берүү бөлүмү (1934), музей (1985), маданият үйү, кинотеатр ж.б. мекемелери бар. Cовет бийлигин орнотууда ж-а Ата Мекендик согушта курман болгондорго эстелик тургузулган. Шаардык «Көкжаңгак кабарлары» гезити чыгат.  	
Кок-Жар;село	
Кок-Жар;село	
Кок-Жар;село	
Кок-Жар;село	
Кок-Ирим;село	
Кок-Мойнок;село	
Кокой;село	
Кокой;село	
Кок-Ойрок;село	
Кок-Сай;село	
Кок-Серек;село	
Кок-Таш; Кок-Таш (кыр. КӨКТАШ — шаарча.) Майлысай ш-на караштуу. Майлысуу ш-нан 12 км түш. тарапта, Жалалабат т. ж.  бекетинен 106 км аралыкта жайгашкан. 1949-ж. негизделген. Аянты 75 км2. Калкы 2822 (2001). Орто мектеп,  медпункт, кышкы ж-а жайкы клуб бар. Шаарчанын чегинен мунай, газ кендери казылып алынат.	
Колдук;село	
Колтор;село	
Конорчок;КОҢОРЧОК Нарын аймагында эң үлгүлүү айыл Коңорчок айылы. Ак-Талаа районуна караштуу Коңорчок айылынын аталышы ушул аймакта гана өскөн гүлдүн атынан коюлган экен.	
Конур-Добо;село	
Корул;село	
Котормо;село	
Кочкор;	КОЧКОР РАЙОНУ – Нарын облусундагы адм.-айм. бирдик. 1930-ж. уюшулган. Түндүгүнөн Чүй, Ысыката, түн.-батышынан ж-а батышынан Жумгал, түштүгүнөн Нарын, чыгышынан ж-а түн.-чыгышынан Тоң р-ндору м-н чектешет. Аянты 6,4 миң км2. Калкы 54477 (2002), аймагында 11 айыл өкмөтү, 31 кыштак бар. Борбору — Кочкор кыштагы. Район Ички Теңиртоодо жайгашкан. Көп бөлүгүн Кочкор өрөөнү ээлейт. Жери тоолуу. Түн. тарабында Кыргыз Алатоосу (бийикт. 4000 мге чейин), батышында Жумгал, түштүгүндө Соңкөл, Бооралбас тоолору, алардын арасында бийик тоолуу Кочкор, Каракужур ж-а Соңкөл өрөөндөрү жатат. Кен байлыктардан Таш тузунун, нефелиндүү сиениттин (Сандык кени) ж-а табигый курулуш материалдарынын кендери бар. Климаты континенттик. Январдын  орт. темп-расы –10°С, июлдуку 16,5°С (Каракужурда январдыкы –12°С, июлдуку 16°С). Жылдык жаан-чачыны Кочкор өрөөнүндө 190–200 мм, тоолордо ж-а Каракужурда 400–500 мм. Ири суулары: Кочкор, Жоонарык (куймалары: Сөөк, Каракол, Төлөк, Каракужур). Ири көлү –Соңкөл; андан башка бир нече майда көл бар. Райондун аймагында Ортотокой суу сактагычы жайгашкан. Жарым чөлдүү. Кочкор ж-а Каракужур өрөөндөрүнө боз, тоолоруна күрөң топурак мүнөздүү. Өсүмдүктөрдөн чий, шыбак, эрмен, ак кылкан, казтаңдай,  буудайык,  шимүүр,  бетеге, козу кулак, доңуз сырты, арча ж. б. басымдуу. Өрөөндөрдөгү суу жээктеринде саздуу шалбаа, айрым жерде тал токойлору кездешет. Аймагында Кочкор мамл. зоология заказниги бар. Ошондой эле к. Кочкор өрөөнү, Каракужур өрөөнү макалаларын. Калкы көп улуттуу, негизинен кыргыз (98,0%), о. эле орус, өзбек, дуңган, уйгур ж. б. жашайт. Орт. жышт. 1 км2ге 8 киши. Райондо мал чарбасы өнүккөн. Негизги тармагы уяң жүндүү кой асыроо, о. эле эт багытындагы  уй чарбасы. Райондо 2002-ж. 265 фермердик, 668 дыйкан, 47 жамааттык чарбалары, Кочкор асыл-тукум кой өстүрүү з-ду, Соңкөл «Асыл мал» зду, «Теңдик» үрөнчүлүк, «Соңкөл балыгы» чарбалары иштеген. «Агрохим» акционердик коому 1980-ж. а. ч. бирикмеси катары түзүлүп (1995-жылдан АК), дыйкан чарбаларына жер айдоо, эгин себүү, жыйноо, жер семирткич чачуу ж. б. кызматтарды көрсөтөт. 1997-ж. 3000 га жерге отоо чөпкө каршы гербицид чачкан. 2002ж. 172767 кой, эчки, 24871 уй (а. и. сааны 15,6 миң), 16573 жылкы болгон. Райондун чарбалары жеке менчикти кошкондо 11,2 миң т эт, 28,1 миң т сүт, 640 т жүн, 1402 миң даана жумуртка даярдаган. 2002-ж. а. ч-га жарактуу жери 480,6 миң га, а. и. 29,7 миң гасы айдоо, 448,2 миң гасы жайыт болгон. Дан эгиндери 15 миң га, тоют өсүмдүктөрү 11,7 миң га, картөшкө 2500 га, жашылча 450 га. «Чоң Туз» туз шахтасы, турмуш тиричилик комбинаты ж. б. тамак-аш, соода, ө. ж. ишканалары бар. Райондун аймагы аркылуу Бишкек–Балыкчы– Нарын, Балыкчы–Кочкор–Чаек–Миңкуш авт. жолдору өтөт. №15 кесиптик лицейи (700 окуучу, 77 инженер-пед. кадр), 29 жалпы билим берүүчү (а. и. 27 орто, 2 башталгыч) мектепте 13313 окуучу окуп, 1120 мугалим эмгектенген.  15  мектепте  компьютер класстары, 6 мектепте 5 гимназия, 1 лицей класстары иштеген. 6 бала бакчада 265 бала тарбияланган. Спорт (536 окуучу)  ж-а муз. мектептер, жатак-мектеп, менчик мектеп, 28 китепкана, 11 маданият үйү, 9 клуб, борбордук райондук, 5 участкалык оорукана, 9 диспансер, 17 фельдшер-акушердик пункт, санитардык-эпидемиологиялык станция, 14 үй бүлөлүк дарыгерлер тобу иштейт (2001-ж.). Райондук «Эмгек Туусу» гезити чыгат. Кочкор айылында тарыхый-жер таануу музейи бар. Райондун аймагында Кочкор шаар чалдыбары, Туурасуу коргону ж-а оймочиймелери, Алтынбулак аска бетиндеги сүрөттөр сакталган. 
Кочкорбаев;село	
Кош-Добо;село	
Кош-Добо;село	
Кош-Добо;село	
Кош-Коргон;село	
Красновосточный;село	
Краснореченский;село
Кулук-Добо;Кулук-Дөбө (кырг. Күлүк-Дөбө) — Кыргыз Республикасы Жалалабат облусунун Аксы районундагы айыл. Кербен шаарынын курамына кирет.
Крупский;село	
Куйручук;село	
Кулатов;село	
Кулунду;село	
Кумбел;село	
Кум-Добо;село	
Кун-Туу;село	
Кун-Чыгыш;село	
Курама;село	
Курманбек;село	
Курпулдок;село	
Куртка;село	
Куршаб;село	
Кутургу;село	
Кууганды;село	
Кыз-Кол;село	
Кызыл-Белес;село	
Кызыл-Дыйкан;село	
Кызыл-Жар; КЫЗЫЛЖАР — Ташкөмүр шаар кеңешине караштуу шаарча (1952-жылдан). Аксы р-нун аймагынан орун алган. Ташкөмүр ш-нан 25 км түш.-батыш тарапта. Үчкоргон темир жол бекетинен 25 км. Калкы 3995 (2001). Эки орто мектеп, бала бакча, Республикалык психоневрологиялык оорукана (1000 орундуу), оорукана, китепкана, клуб ж. б. бар. 	
Кызыл-Жылдыз;село	
Кызыл-Кыштак;село	
Кызыл-Озгоруш;село	
Кызыл-Октябрь;село	
Кызыл-Октябрь;село
Кызыл-Кыя; Баткен облусундагы шаар (2001-жылдан). Лейлек р-нун борбору. Облустун борб. - Баткен ш-нан 100 км батыш,  Пролетарск т. ж. бекетинен (Тажикстан) 45 км түш. тарапта, Карасуу өзөнүнүн боюнда, деңиз деңг. 1300 м бийиктикте жайгашкан.  Калкы 26,3 миң (2002). Шаардын курамына Акбулак, Голбо,Мырзапача, Тайлак, Самат ж-а Чамген кыштактары кирет. Шаардык өкмөттүн жалпы аянты 227 миң гадай (2002); а. и. айдоого жарактуу жери 6,6 миң га  сугат жер 1,2 миң га,  кайрак жер 5,4 миң га. Исфанада  2002-ж. түрдүү менчиктерге таандык 54 ишкана, мекеме ж-а уюмдар иштеген. Калкы  негизинен  дыйканчылыкта-тамеки, жашылча ж-а мөмө-жемиштерди өстүрүүдө, мал чарбасында - кой, эчки багууда эмгектенишет. Шаарда жалпы билим берүүчү 13 мектеп (а. и.  4 орто мектеп, 2 гимназия),  2 бала бакча, кесиптиктех. окуу жайынын филиалы, маданият үйү, 2 клуб, 4 китепкана, тарых ж-а край тануу музейи, мейманкана, райондук оорукана, санитардык-эпидемиологиялык станция үй-бүлөлүк дарыгерлер тобу ж-а 4 медпункт бар.	
Кызыл-Суу;село	
Кызыл-Тоо;село	
Кызыл-Туу;село	
Кызыл-Туу;село	
Кызыл-Туу;село	
Кызыл-Ункур;село	
Кызыл-Ункур;село	
Кыргыз-Ата;село	
Кыргыз-Кыштак;село	
Кыргызстан;село	
Кыштут;село	
Лебединовка;село	
Лейлек;Баткен облусундагы адм. район. Район 1928-ж. уюшулган. Т?н.-батышынан ж-а т?шт?г?н?н Тажикстан, чыгышынан Баткен р-ну м-н чектешет. Аянты 4,7 ми? км2 (Баткен облусунун аймагынын 27,4%и т?з?т). Калкы 105,5 ми? (2002). Райондо 2 шаар (Исфана, С?л?кт?), Восточный (Кошбулак) шаарчасы ж-а 8 айыл ?км?т? бар. Борбору Исфана ш. Райондун аймагы Фергана  ?р??н?н?н бир аз б?л?г? (мында Кырг-ндын де?из де?г. э? жапыз жери жайгашкан, 401 м)	ж-а аны т?шт?кк? карай улап жаткан адырлар жана бийик этек тоолор тилкеси (алардын аралыгында Маргун, Даргун, Мадыген, Исфана ж. б. чакан ?р??нд?р жайгашкан), Т?ркстан кырка тоосунун т?н. капталы (э? бийик жери 5390 м, Сабах чокусу), андагы ?р??н, капчыгайлар Белисынык, Тоожайлоо ж. б. тоолордун т?н. капталдарын ээлейт. Кен байлыктарынан С?л?кт? к?р?? к?м?р , курулуш материалдары кендери бар. Климаты континенттик, жайы ысык, кургак"	" кышы мел??н суук. Январдын орт. темп-расы ?р??нд?рд? 4°С, июлдуку 25-29°С, тоолордо январдыкы -9°С, июлдуку 15-20°С. Жылдык жаанчачыны ?р??нд?рд? 150-300 мм, тоолордо 400-600 мм.	Суулары: Аксуу (куймалары: Дакатсуу, Сардала, Сумбула), Карасуу, Лейлек (куймалары: Ором, Жетик?п?р?, Кожобакырган). Суулары сугатка ке?ири пайдаланылат. Боз, тоолорунда тоо-токой, тоо-шалбаа топурактары м?н?зд??. Жарым ч?лд?? талаа (700-1500 м), талаа (1500-2700 м), арча ж-а сейрек токой (2500-3000 м), субальп талаасы, альп (3000-3500 м) ?с?мд?кт?р? ?с?т. 3500 м бийиктиктен жогору гляциалдык-нивалдык алкак жатат. "
Ленин;село	
Ленин;село	
Ленинский;село	
Липенка;село	
Логвиненко;село	
Люксембург;село	
Мады;село	
Маевка;село	
Май;село	
Майдан;село	
Маймак;село	
Мангыт;село	
Маргун;село	
Марказ;село	
Масалиев;село	
Масы; МАСЫ (1937—91-ж. Л е н и н ж о л  аталган) — Ноокен р-нун ж-а Масы айыл өкмөтүнүн борбору, кыштак. Эскимасы суусунун боюнда, Ош — Бишкек автомобиль жолунда, деңиз деңг. 700—750 м бийиктикте  жайгашкан. Облустун борбору ж-а темир жол бекети Жалалабат ш-нан 45 км аралыкта. Калкы 12161 (2001). Алар негизинен дыйканчылыкта (пахта, дан, тамеки, жашылча ж.б. өстүрүүдө)  эмгектенишет. Кыштакта Ноокен р-нун дээрлик бүт мекеме-ишканалары орун алган. Андан сырткары нан заводу, ашкана-чайканалар, ресторандар, сауна-мончолор, 13 тегирмен, 4 майжуаз, 2 акжуаз,  фирма, базар ж.б. иштейт. М-да 4 орто мектеп, 6 бала бакча, балдардын билим берүү борбору, музей, муз. мектеп, ра-йондук китепкана, маданият үйү, 3 клуб, борборлоштурулган райондук оорукана, санитариялыкэпидемиологиялык станция, борборлоштурулган дарыкана, дары-дармек сатуучу жеке менчик ишкана бар. Ата Мекендик согушта курман болгондорго 2 эстелик тургузулган. 	
Милянфан;село	
Мин-Булак; Миң-Булак — Кыргыз Республикасынын Нарын облусун Нарын районундагы айыл. Миң-Булак айыл округу составына кирет. Советтер Биримдигинин тушунда кыштак Тянь-Шань районунун Куйбышев атындагы колхозунун борбору болгон. Миң-Булак айыл округу 3 бөлүктөн турат. Өрнөк, Куйбышев жана Миң-Булак. Бул айылда тигүүчү цехтен тартып кийиз жасоочу цехке чейин бар. Эли өтө күжүрмөн, уз, уста эмгекчил калк. Калкынын саны 5160 адамды түзүп, 1134 түтүн үй бүлө жашайт.	
Мин-Булак;село	
Мин-Куш; МИҢКУШ,  К а б а к – Жумгал  р-ндагы шаарча (1953-жылдан). 1949-ж. негизделген. Кабак уран рудасын казып алууга байланыштуу пайда болгон. Жумгал р-нун түш.  бөлүгүндөгү  Миңкуш  кууш өрөөнүнөн орун алган. Түндүгүнөн Кабактоо, түштүгүнөн Молдотоо кыркасы м-н курчалган. Миңкуш суусунун оң жээгинде (шаарчанын ж-а өрөөндүн аты ошондон). Рельефи тоолуу, жеринин бети батышты карай жантайып, адыр-күдүрлүү. Аймагы отун-энергетика,  минерал-сырьё ресурстарына бай; о. эле күрөң көмүр, куммайда шагыл аралашмасы ж. б. бар. Бишкектен 400, Нарындан 300 км аралыкта, Чаектен 55 км түштүктө, Балыкчы т. ж. бекетинен 220 км түш.-батышта. Деңиз деңг. 2150 м бийиктикте. Калкы 4,6 миң (2003); көп улуттуу. Калкы ө. ж-да, курулушта, транспорт ж-а байланышта, соодада, өндүрүш эмес чөйрөдө ж-а менчик чарбада эмгектенишет. Миңкуш «Оргтехника» акционердик коому, «Акулак» көмүр разрези, нан з-ду ж-а жылуулук электр борбору, «Аманат» транспорт, «Назик» соода акционердик коомдору ж. б. бар. Башка калктуу пункттар м-н авт. жолу аркылуу байланышат. Үч жалпы орто мектеп, кесиптик-тех. окуу жайы, 4 бала бакча иштейт. Маданият үйү, 2 клуб, китепкана балдардын муз. ж-а  спорт мектептери, стадион, 70 орундуу оорукана, бейтапкана, тез жардам бөлүмү, 600 номерлүү АТС, почта бөлүмү, соода мекемелери ж. б. бар. 	
Мирмахмудов;село	
Михайлов;село
Майлысуу; МАЙЛЫCУУ (1956—92-ж.   М а й л ы с а й ) — Жалалабат облусундагы шаар (1956-жылдан), Ноокен р-нун аймагында. Бабашата кырка тоосунун этегинде, Майлысуу суусунун боюнда жайгашкан. Аянты 12025 га. Облустун борбору ж-а темир жол бекети Жалалабат ш-нан 118 км түн.-батыш тарапта. Шаар жайгашкан аймактын климаты мелүүн континенттик. Кышы мелүүн суук, кыска, кар арбын түшөт; январдын орт. темп-расы —3°Cден —11°Cге чейин. Жылдык жаанчачындын өлчөмү 300 ммдей. Калкы 23 миң (2001); көбү кыргыздар (14500); о. эле орустар (4300), өзбектер (1700), татарлар (1300) ж. б. улут өкүлдөрү жашайт. Шаардын четинде Көкташ, Cарыбээ шаарчалары, Көгой, Каражыгач кыштактары жайгашкан. М. ө. ж-луу шаар. Мында электр лапма электр тогун өткөрбөс материалдар (Кыргызэлектризолит заводу) заводдору, Майлысуу жылуулук менен камсыз кылуу өндүрүштүк бирикмеси, «Майлысуу кийим тигүү фабрикасы, «Береке, «Акнан», «Азат», «Баатыр» акционердик коомдору, Кыял чакан ишканасы ж. б. ө. ж. иш 497 каналары, о. эле «Cерей» жоопкерчилиги чектелген коому, «Чебер» фирмасы, телеком, почта байланыш түйүнү, керекжарак коому иштейт. Шаарга жакын мунай ж-а газ кендери чыгат. Ош, Жалалабат шаарларына газ куурлары кетет. Шаарда 8 орто мектеп, кесиптик лицей, электр-тех. коллеж, мед. окуу жайы, экон. ж-а башкаруу ин-ту, балдардын жатак үйү, карылар ж-а майыптар үйү, маданият үйү, стадион, кинотеатр, мечит, 3 бала бакча, бириккен шаардык оорукана (305 орундуу), борбордук дарыкана, ден соолукту чыңдоо борбору, шаарды турмуш тиричилик жактан тейлөөчү (шаарды жашылдандыруучу суу каналы ж. б.) ишканалар бар.   Шаардык адм.нын ж-а электр лампа заводунун органы болгон «Майлысуу шамы»  («Cвет Майлысуу») гезиттери чыгат. Шаарды көркөмдөп турган тарыхый эстеликтер да бар; алар — «Cогуштук даңк проспектиси» (1941—45-жылдардагы Ата Мекендик согушка катышкан Майлысуулук жоокерлердин урматына 1989-ж. тургузулган) ж-а «Эрдик» монументтери (Баткен жергесинде эл аралык террористтик топтор м-н болгон куралдуу кагылышууда курман болгон Майлысуулук жоокерлердин урматына 1999-ж. тургузулган). Шаар  эзелтен  дыйканчылыгы өнүккөн Фергана өрөөнү м-н  көчмөн чарбасы өнүккөн тоолуу аймактын чегинде жайгашкандыктан,  анда илгертен эле соода сатык, товар алмашуу иштери кеңири жолго коюлгандыгы айгинеленет. Көчмөн калк малын айдап келип, Көгөй ашуусунун артында «таш короого» камап, аларды кол өнөрчүлүк буюмдарга ж-а эгин азыктарына алмаштырып кетишкен; ал короону эл «таш базар» деп да аташкан. Шаарга жакын кызыл чопонун кени болгондуктан анда карапачылык да өнүккөн. Шаар аркылуу Улуу Жибек жолунун бир бутагы өткөн; Орто Азиядан Кытайга кеткен кербен жолу Давансай капчыгайы ж. б. жолдор аркылуу өткөн. Майлысуу суусунан ж-а анын куймаларынан баштаган илгерки ирригациялык курулмалардын калдыктары (чоң арыктар, оготтор ж. б.) бул аймакта мурда эле дыйканчылык өнүккөндүгүн айгинелейт. 
Могол;село		
Момбеков;село	
Мырза-аке;село	
Найман;село
Нарын; НАРЫН району – Нарын облусундагы адм.-аймактык бирдик; облустун түн.-чыгыш бөлүгүндө жайгашкан. Чыгышынан ж-а түн.-чыгышынан Ысыккөл облусунун Жетөгүз ж-а Тоң, түндүгүнөн Кочкор, батышынан Акталаа р-ндору м-н чектешет. Аянты 7,8 миң км2 (Нарын облусунун аймагынын 17,3%). Калкы 41,0 миң (2002). Борбору – Нарын шаары. Район 1930-ж түзүлүп  (1957-ж.  ага  Куланак району кошулган),  1962–96-ж. Тяньшань р-ну аталган.  Район  14  айыл-өкмөттөрүнө бөлүнгөн. Райондун аймагы  негизинен   Ортоңку Нарын өрөөнүн ж-а аны курчап турган тоолорду ээлейт. Өрөөндүн туурасы чыгышында 30 км, батышында (Кажырты суусу куйгандан тартып) 85 кмге чейин, таманы чыгыштан батышка карай төмөндөйт (2300 мден 1600 мге чейин). Нарын д-нын оң жээгине чаптар (бедленд) мүнөздүү. Алар терең, кууш ж-а тик капталдуу келип, кыртышы ж-а өсүмдүгү өөрчүбөгөн, чарбага жараксыз. Аймагында кенен (айрымдарынын туурасы 10 кмге чейин), түз тектирлер да кездешет, алар деңиз деңг. 1700–2500 м бийиктикте жатып, көбүнчө Нарынга куйган ири суулардын боюнан орун алган. Мында райондун айылдары жайгашкан. Аймагынын түн. бөлүгүн Молдотоо (бийик чокусу 4418 м), Бооралбас (3980 м), Ителгиуя (3842 м), Нуратоо (4228 м), Каражорго (3833 м), Баук (3391 м), Ачаташ (3980 м), Жетим (4931 м) кырка тоолорунун аскалуу тик түш. капталдары ж-а алардын ортосун Соңкөл, Солтонсары өрөөндөрү, ал эми түштүгүн Нарынтоо (4500 м), Аламышык (3379 м),  Каратоо (4066 м), Байбиче (3500 м) тоолорунун жаңтайыңкы беттери ж-а байыркы түздүктөр ээлейт. Климаты континенттик, кургак. Июлдун орт. темп-расы 170С, январдыкы –7,40Сге чейин. Жылдык жаан-чачыны 200–300 ммдей. Райондун аймагынан Нарын д. ж-а анын куймалары агат. Өрөөндүн куба күрөң топурактуу чөлдүү талаасында негизинен жарым чөл ж-а талаа өсүмдүктөрү өсөт. Курулуш материалдарынын (кум, чопо, гипс) кендери бар. Нарын д-нын жайылмасын тугай токою, тектирчелеринде баялыш-шыбактуу чөл, шыбак-ак кылкандуу баялыштуу жарым чөл өсүмдүктөрү, тоо этектерин ар түрдүү чөптүү, дан өсүмдүктүү талаа ээлейт.  Нарынтоонун түн. капталында (2500-3200 м) жапалак арча, карагай өсөт. Райондун аймагында Нарын мамлекеттик коругу ж-а Каратал-Жапырык мамлекеттик коругу уюшулган. 	
Нариман;село	
Нижний-Чуй;село	
Нижняя Ала-Арча;село	
Ничке-Сай;село	
Ново-Павловка;село	
Ново-Покровка;село	
Ноокен; Жалалабат облусундагы адм.-айм. бирдик. Фергана өрөөнүнүн түн. чет-жакасын, Алаштоо, Бабашата кырка тоолорунун түш. капталдарын ж-а алардын этектериндеги жакын  дыйкан чарбасы,  Кочкората шаары, 55 кыштак бар. Борбору — Масы кыштагы. Район 1928-ж. Базаркоргон р-нун курамында түзүлгөн; анда анын аянты 4,5 миң км2, калкы 60 миң адамды түзгөн; 1935-ж. Масы р-ну болуп, өзүнчө бөлүнүп, аянты 2,5 миң км2, калкы 40 миңдей  болгон. Масы р-ну Базаркоргон м-н биригип, 1937-ж. Ленин р-ну аталган.  Борбору — Ленинжол аталат. 1945—50-ж. райондун аймагында Майлысуу шаары ж-а Кочкората (2003-жылдан шаар), Көкташ шаарчалары пайда болгон. 1952-жылдан Майлысуу ш. облуска баш ийген шаар. 1978ж. кайрадан бөлүнгөн. 1992-жылдан Н. р. Н. р-нун аймагы Фергана өрөөнүнүн түн. чет-жакасындагы  түздүктү,  Бабаш-түздүктү ээлейт. Батышынан ж-а түн.-батышынан Аксы, түндүгүнөн Токтогул, чыгышынан Базаркоргон р-ндору, түштүгүнөн Өзбекстандын Анжиян, Наманган облустары м-н чектешет. Аянты 2,5 миң км2. Калкы 104,8 миң (2001). Райондо 8 айыл өкмөтү (Арал, Бүргөндү, Достук, Масы, Момбеков, Ноокен, Сакалды, Шайдан айыл өкмөттөрү), 950гө ата кырка тоосунун түш. капталын ээлейт. Түзөң бөлүгү деңиз деңг. 600—800 м бийиктикте жайгашып,  Майлысуу, Нарын д-нын  өрөөндөрү  м-н  тилмеленген. Түздүк түн.-чыгышты карай улам өрдөп, адырлар тилкесине (бийикт. 800—1200 м), андан ары Бабашата кырка тоосуна (4485 мге чейин) өтөт. Онтомо, Алаштоо, Ангиректоо массивдери да райондун аймагында жайгашкан. Тоолуу бөлүгү кокту-колоттуу; батыштан чыгышты карай Шыңсай, Кудуксай, Карамисте, Майлысуу, Бакатерек, Жорголот, Көлмөн, Шаркыратма, Коштал, Жылгынды, Жолборсмазар, Уялуутерек, Алаш, Шыңгырама, Газалымазар, Алчалымайдан, Шайдансай ж.б. өрөөндөр жайгашкан. Райондун аймагында элдин эс алуусу ж-а туризм үчүн ылайыктуу Тоскоолата, Алашата, Cере, Каракол сыяктуу табияты кооз жерлери, жайлоолору бар. Кен байлыктары: мунай, газ (Майлысуу), курулуш материалдары  (айнек жасоого жарамдуу кум, шагыл, чопо ж. б.), минералдуу суулар (Эски Кочкоратадагы — Бешкоргон, Досу, Үчемчек минералдуу суулары). Райондун климаты мелүүн континенттик, жапыз, бөксө тоолуу бөлүгүндө субтропик климатына окшош. Кышында түш. циклондордун таасири астында турат. Батыштан ж-а түн.-батыштан мелүүн кеңдиктин нымдуу аба массалары, жайында түштүктөн, түш.-батыштан тропиктик кургак аба массалары да кириши мүмкүн. Ал эми түндүктөн ж-а түн.-чыгыштан соккон Арктика абасын ж-а Cибирь антициклонунун абасын Фергана ж.б. тоолор өрөөнгө дээрлик өткөрбөй тосуп калат. Натыйжада бул региондо кышы жумшак, нымдуу, жайы ысык, кургакчыл аба ырайы түзүлөт.  Январдын  орт. температурасы —1,4°C, эң төмөнкүсү —16°C, июлдуку 27,5 —28°C, эң жогоркусу 41°C. Жылдык жаан-чачынынын өлчөмү 450 мм, тоолуу бөлүгүндө 1000 ммге чейин; басымдуу бөлүгү кышында түшөт. Ири суулары: Алашсай, Майлысуу, Шайдансай. Топурак  өсүмдүктөрү бийиктик алкактуулук б-ча өзгөрөт. Тоо этегиндеги деңиз деңг. 721—1000 м бийиктикте жайгашкан түздүктөрү боз топурактуу келип, дээрлик өздөштүрүлгөн. 1000—1100 м бийиктикте адырлар тилкеси жатып, боз топурактуу келет. 1100—1300 м бийиктикте эфемер өсүмдүктүү кургак талаа, талаа ж-а мистелүү сейрек  токой мүнөздүү, алардын астында күңүрт боз ж-а күрөң топурактары өөрчүгөн. Андан  жогору орто бийиктикке (1300—2800 м) бөксө тоолор кара күрөң тоо токой тибиндеги топурактуу келип, алкактын төмөнкү бөлүгүндө жапайы жаңгак-жемиш токою (жаңгак, алма, алча, ж. б.), жогорку  бөлүгүн карагат, арча, түркүн чөптүү шалбаа өсүмдүктөрү ээлейт. Токой тилкесинен жогору субальп, альп шалбаалары, 3100 мден жогору гляциалдык-нивалдык алкактар мүнөздүү.	
Нур-Абад;село	
Нуржанов;село	
Нурмамбетов;село
Ош областы; ОШ ОБЛУСУ – Кырг-ндагы ири адм.-айм. бирдик.  Кыргыз Респ-нын түштүгүндө жайгашкан.  Түндүгүнөн  Жалалабат облусунун Сузак р-ну, түн.-батышынан Өзбекстан, батышынан Баткен облусу,  түштүгүнөн Тажикстан, түн.-чыгышынан ж-а чыгышынан Нарын облусу, Кытай м-н чектешет. Ош облусу 1939-ж. 21-ноябрда уюшулган. 1959-ж. 27-январда Жалалабат облусу м-н  биригип, 1990-ж. 14-декабрда кайра эки облуска – Ош ж-а Жалалабат облустарына   ажыраган. 1999-ж. Ош облусунун курамынан Баткен облусу  бөлүнгөн. 	
Озгоруш;село
Озгон; кыр.	Өзгөн району – Ош облусундагы адм.айм. бирдик. Түндүгүнөн Жалалабат облусунун Сузак, батышынан ж-а түш.-батышынан Карасуу,  түштүгүнөн Алай  ж-а Каракулжа р-ндору м-н чектешет. Аянты 3,4  миң км2 (облустун аймагынын 11,8%). Калкы 202,7 миң (2002). Район 17 айыл өкмөтүнө бөлүнөт. Борбору  – Өзгөн шаары. Район 1928-ж. уюшулган. Тоолуу  район.  Тоо  капталдары өрөөн, жылга-жыбыттуу. Көп бөлүгүн Өзгөн-Куршаб  өрөөнү (деңиз  деңг. 800– 1200 м бийиктикте) ээлеп, аны батыштан Отузадыр ж. б. адырлар Фергана өрөөнүнөн  бөлүп,  түштүгүнөн Академик Адышев кырка тоосу,  түндүгүнөн Фергана тоо тизмегинин тармактары курчап турат. Аймагы батыштан чыгышты карай бийиктеп (2500 мге чейин), түн.-чыгышында Фергана тоо тизмегине  өтөт. Кендерден  Өзгөн  көмүр бассейни, үлүл таштар (Сарыташ, Куршаб), гипс, акиташ, чымкөң,  минералдуу суулар (Карашоро), дары баткак (Чымбай), курулуш материалдары ж. б. бар. Өзгөн ж-а Куршаб  өрөөнүндө январдын орт. темп-расы –3,2°С, июлдуку 23,6°С, тоолордо январдыкы –10°С, июлдуку 15°С.  Жылдык жаан-чачыны 350–600 мм; Фергана тоо тизмегинин капталдарында 900 ммге жетет. Агын суулары көп. Райондун аймагы аркылуу Карадарыя агып, Каракулжа, Жазы, Ийрисуу ж. б. куят.  Карадарыянын Фергана  өрөөнүнө чыга беришиндеги Кемпирабад жылгасына Анжиян суу сактагычы курулган. Топурак  өсүмдүктөрү бийиктик алкактуулук закон ченемине ылайык өзгөрөт. Карадарыя, Куршаб, Жазы сууларынын  өрөөндөрүндө шалбаа, шалбаалуу саз, 1500 мден  жогору боз, 1800–2800 мде тоо-токой, 2800 мден жогору тоо-шалбаа топурактары басымдуу.  Жарым  чөл,  кургак талаа ж-а шалбаалуу талаа ландшафты мүнөздүү. Түз жерлер толук  өздөштүрүлүп, табигый  өсүмдүктөр жокко эсе. Алар тоолордун нымдуу капталдарында шалбаа, бадал ж-а токойго,  өрдөгөн сайын субальп ж-а альп шалбааларына  өтөт. Фергана тоо тизмегинин капталдарын 1000–1800 м бийиктикти  бетегелүү талаа, 2200 мге чейин  жаңгак, алма, алча, шилби, карагай, арчалар аралаш өскөн жапайы жаңгак-жемиш токою ээлейт. 2800–3000 мден жогору  түркүн тулаң чөптүү субальп ж-а альп зоналары тараган.  Жазы  өрөөнүндө аңчылык заказниги уюшулган. 
Ой-Тал;село	
Октябрь;село	
Октябрь;село	
Омуралиев;село	
Он бир-Жылга;село	
Он Эки-Бел;село	
Он-Арча;село	
Оргочор;село	
Орловка;село	
Оро;село	
Орозбеков;село	
Орок;село	
Орток;село	
Ортон;село	
Орукту;село	
Орукту;село	
Осмонкулов;село	
Отрадненский;село	
Отуз-Адыр;село	
Папан;село	
Первомайский;село	
Первомайский;село	
Петровка;село	
Покровка;село	
Полтавка;село	
Предтеченский;село	
Пригородный;село	
Савай;село	
Садовое;село	
Садыр аке;село	
Саз;село	
Сайлык;село	
Сакалды;село	
Салам-Алик;село	
Самаркандек;село	
Сан-Таш;село	
Сарай;село	
Саруу;село	
Сары-Булак;село	
Сары-Булак;село	
Сары-Булак;село	
Сары-Булак;село	
Сары-Камыш;село	
Сары-Колот;село	
Сарыкоо;село	
Сары-Могол;село	
Сары-Ой;село	
Сары-Таш;село	
Светлая поляна;село	
Сейдикум;село	
Сейдикум;село	
Семенов;село	
Семиз-Бель;село	
Совет;село	
Сокулук;село	
Сон-Кол;село	
Сосновка;село	
Сретенка;село	
Степное;село	
Сузак; Жалалабат облусуна караштуу адм.-айм. бирдик. Район 1919-ж. Жалалабат р-ну болуп түзүлүп, 1940-ж. Сузак р-ну деп өзгөргөн. Мурда С.  р-нун  аймагында  3  район  болгон: 1935-ж. Көгарт району уюшулуп, ал 1937-ж. Октябрь р-ну болуп өзгөргөн; 1944-ж. Ачы р-ну уюшулуп, 1954-ж. чейин өзүнчө район болгон. 1959-ж. бул райондор биригип, Сузак р-ну аталган. С. р. батышынан ж-а түн.-батышынан Базаркоргон, түш.чыгышынан Өзгөн, түн.-чыгышынан Тогузторо, түштүгүнөн ж-а түш.-батышынан Өзбек Респ. м-н  чектешет. Аянты 2,8 миң км2. Калкы 205050 (2001). Райондо 13 айыл өкмөтү (Атабеков С., Багыш, Барпы, Каралма, Карадарыя, Көгарт, Курманбек, Кызкөл, Кызылтуу, Ленин, Сузак, Ташбулак, Ырыс), 128 айыл (кыштак), Көкжаңгак 1 шаар бар.  Райондун борбору — Сузак  кыштагы. Райондун табияты жөнүндө к. Көгарт өрөөнү, Каралма өрөөнү макалаларын. Райондун жери облустагы калк жыш жайгашкан аймактардын катарына кирет. Калкынын орт. жыштыгы: 1 км2 жерге 50дөн ашык киши туура келет. Негизинен кыргыздар (126 миң), о. эле өзбек (68 миң), орус (140), украин, татар, тажик, уйгур, казак, дуңган ж. б. улутун өкүлдөрү жашайт (1999). Калкынын көбү Көгарт өрөөнүндө.  	 Жалалабат ш-нан 7 км аралыкта. Калкы 19846 (2001). Негизги чарбасы —  пахта өстүрүү, тамеки, мал багуу. Төрт орто мектеп, 4 бала бакча, 2 клуб, маданият үйү, кинотеатр, оорукана, бейтапкана, райондук санитария-эпидемиология станциясы, турмуш-тиричилик комбинаты, 4 китепкана ж. б. бар. Кыштак 1850-ж. негизделген. 
Суйунбаев;село	
Сумбулак;село	
Сумсар;село	
Суу-Башы;село	
Суусамыр;село	
Сын-Таш;село
Тайгараев;ТАЙГАРАЕВ АЙЫЛ ӨКМӨТҮ — Жалалабат ш-на караштуу адм.-айм. бирдик. Качкынчы, Кызылкыргызстан, Кызылсуу, Ташкутчу, Жээнбеков атн. айылдар баш ийет. Азыркы айыл өкмөтүнүн аймагында 1930-ж. «Баатыр» колхозу уюшулган. 1932—34-ж. Чапкындык айылы кошулуп, «Кызылпахтачы» колхозу, 1953— 59-ж. «Дружба» совхозу, 1963—95-ж. «Тайгараев» совхозу деп аталган. 1995жылдан совхоз Т. а. ө. болуп кайрадан түзүлгөн. Калкы 7940 (2001); негизинен дыйканчылык ж-а мал чарбасында эмгектенишет.  	
Тала-Булак;село	
Талды-Булак;село	
Талды-Булак;село	
Талды-Булак;село	
Талды-Суу;село	
Талды-Суу;село	
Талды-Суу;село	
Тамга;село	
Тамчы;село
Таш-Комур: Таш-Комур (кыр.ТАШКӨМҮР )  — Жалалабат облусундагы (1943-жылдан) шаар, темир жол бекети. Нарын д-нын оң жээгинде, Бишкек — Жалалабат автомобиль жолунун боюнда, Жалалабат ш-нан 147 км түн.-батыш тарапта, Бишкек ш-нан 450 км аралыкта, деңиз деңг. 585 м бийиктикте жайгашкан. Т. ш-на Шамалдысай, Кызылжар шаарчалары, Теңдик айылы да кирет. Калкы 40,7 миң (2001); көбү кыргыздар (81,4%), о. эле орус, өзбек, казак, татар, украин, тажик ж. б. улуттар жашайт. Шаардын климаты мелүүн континенттик. Январдын орт. температурасы —8...—10°С, шамалдын ылдамдыгы 6—8 м/сек, июлдуку 27,5°С. Жылдык жаан чачыны 403 мм. Аялдар 54%, эркектер 46%ти түзөт. Ташкөмүр ш. ушул аймактагы көмүр бассейинин өздөштүрүүгө байланыштуу пайда болгон. 1930-ж. көмүр кени ачылып, азыркы шаардын ордуна шахтёрлордун кичинекей кыштакчасы курулган. Көмүр казып алууну тездетүү максатында темир жол салынган. 1935-ж. Ташкөмүр р-ну болуп түзүлгөн. Карамагына азыркы Аксы ж-а Ноокен р-нун айрым бөлүктөрү кирген. Негизги ө. ж.  тармактары көмүр казуу, гидроэнергетика, хим., металлургиялык өндүрүш, тамеки ферменттөө, курулуш, транспорт ж. б. Негизги ө. ж.  ишканалары: «Кристалл» мамл. акционердик коому, «Тегене» жоопкерчилиги чектелген коом, «Сарыалтын» акционердик коому, курулуп жаткан ГЭСтер ишканасы, «Ташкөмүр», «Күч», «Аргымак», «Суусамыр», «Жер азык», «Айылкөмөк», «Ален» акционердик коомдору, «Бакай-майрам» жоопкерчилиги чектелген коому, Гидроболотконструкция, жыгачтан эмерек, буюм жасоочу цех ж. б. Шаарда 2 автотранспорт ишканасы «Аргымак» ж-а «Буудан»  акционердик коомдору) бар. Аларда 200гө жакын адам эмгектенет. Республикалык психоневрологиялык оорукана, оорукана, маданият суусарайы, телестанция, кинотеатр, китепкана, мечит ж. б.; маданий агартуу мекемелери бар.  2001—2002-окуу жылында  12 орто, башталгыч мектеп, 6 бала бакча, кесиптик лицей, 3 жогорку окуу жайдын филиалы болгон.  Шаарда орто ж-а чакан бизнес чөйрөсү да өнүккөн. Шаарга тиешелүү а. ч-га жарактуу айдоо жери 1118 га, жайыты 706 га; анар, мисте, анжир, бадам, өрүк, жүзүм, шабдалы, алма ж. б. өстүрүлөт. Шаардын саябагында Ата Мекендик согушта курман болгондорго эстелик тургузулган.
Таш-Булак;село	
Таш-Добо;село	
Таш-Мойнок;село	
Темир;село	
Тепе-Коргон;село	
Тепке;село	
Теплоключенка;село	
Терек;село	
Терек-Сай;ТЕРЕКСАЙ — Чаткал р-нундагы шаарча (1952-жылдан). Терексай шаарча өкмөтүнүн борбору. Терексай суусунун боюнда. Чаткал тоосунун түш. капталында жайгашкан. Райондун борбору Канышкыядан 90 км түш.-чыгышта, Шамалдысай т. ж. бекетинен 85 км. 1940-ж. негизделген. Калкы 2500 (2001). Тоокен байытуу фабрикасы, 2 орто мектеп, китепкана, клуб, оорукана, балабакча, мечит (90 орундуу) бар.	
Тилек;село	
Тоголок-Молдо;село	
Тогуз-Булак;село	
Тогуз-Булак;село	
Тогуз-Торо; Жалалабат облусунун түн.-чыгышындагы адм. район. 1935-ж. уюшулган. Түндүгүнөн Нарын облусунун Жумгал, чыгышынын Акталаа р-ндору, түн.-батышынан Токтогул, батышынан Базаркоргон, Сузак р-ндору, түштүгүнөн Ош облусунун Өзгөн р-ну м-н чектешет. Аянты 3962 км2. Калкы 22,3 миң (2001). Орт. жыштыгы 1 км2  жерге 4,1 киши туура келет. Райондо 4 айыл өкмөтү (Атай, Карасуу, Каргалык, Тогузторо), 13 кыштагы бар, борбору — Казарман айылы.	
Токтогул; ТОКТОГУЛ,  М у з т ө р — Токтогул  р-нундагы шаарча, райондун борбору. Жалалабат ш-нан 327 км, Ташкөмүр т. ж. бекетинен 190 км түн.-чыгыш тарапта. Аянты 676 га. Кетментөбө өрөөнүндө деңиз деңг. 988 м бийиктикте, Бишкек — Ош жолунун боюнда жайгашкан. 1901-ж. негизделген. Мурда Музтөр айылы деп аталган. 1926-ж. Кетментөбө р-нун борбору болгон. 13,2 миң киши жашаган. Айылдык кеңеш уюшулган. 1970-ж. Токтогул ГЭСинин курулушуна  байланыштуу, Т. шаарчасы райондун борбору катары негизделет. Төрт мектеп,  гимназия,  кесиптик лицей,  окуу лицейи,  муз. мектеп, спорт мектеби, балдарга билим берүүчү борбордук мектеп, 3 бала бакча, маданият үйү, май заводу, сүт заводу,  борборлоштурулган оорукана, тиш дарылоочу бейтапкана,  ашканалар ж. б. бар. Т. Сатылганов, Ж. Бөкөнбаевге ж-а Ата Мекендик согушта курман болгондорго эстелик тургузулган. Шаарчанын калкын турмуш тиричилик жактан тейлөө комбинаты, китепкана, телефон байланышы, почта,  тегирмен, күнкарамадан май алуучу цехтер,  базар, мал базарлары тейлейт. 1980-ж. шаарчанын архитектуралык курулушу үчүн Кыргыз ССРинин Токтогул атн. мамл. сыйлыгы ыйгарылган. Калкы 16154 (2001); а. и. кыргыздар —15090, орустар —240, өзбектер —271, уйгурлар —264, татарлар —136, казактар —54, ж. б. улуттар —945 (2001). Жалалабат облусу б-ча өткөрүлгөн «мыкты айылдык элдүү пункт» аттуу кароо-сынагында шаарча 1-даражадагы диплом м-н сыйланган (2000).  (1939-ж. чейин Кетментөбө р-ну) 1926-ж. уюшулган. Чыгышынан Тогузторо, Жумгал, түндүгүнөн Панфилов, Талас, батышынан Алабука, Аксы, түштүгүнөн  Ноокен,  Базаркоргон р-ндору м-н чектешет. Облустун борбору Жалалабат ш-нан 327 км аралыкта жайгашкан. Аянты 6944,5 км2. Калкы 77,4 миң (2001). Райондо 11 айыл өкмөтү (Белалды, Жазыкечүү, Жаңыжол, Кетментөбө, Кызылөзгөрүш, Ничкесай, Сарыкамыш, Толук, Торкен, Үчтерек, Чолпоната айыл өкмөттөрү), 53 айыл, 2 шаарча бар. Борбору — Токтогул   шаарчасы. Район толугу м-н Кетментөбө өрөөнүн камтыйт. Ал түндүгүнөн Талас ж-а Суусамыр, батыш ж-а түн.-батышынан Узунакмат, Атойнок тоолору, түштүгүнөн Фергана, түш.-чыгышынан Көгирим кырка тоолору м-н курчалат. Эң бийик жери деңиз деңг. 4165 м (Талас Алатоосунда), таманыныкы 500—850 м бийиктикте жайгашкан. Кен байлыктардан таш тузу (к. Кетментөбө кени), мрамор ж. б. курулуш материалдары бар. Климаты  континенттик. Өрөөн Фергана ж-а Борбордук Теңиртоо климаттык провинциялары чегинде жайгашкан. Климаты суук мезгилдин температуралык шарты б-ча Борбордук Теңиртоого, ал эми жайкысы Фергана өрөөнүнүкүнө жакын. Январдын орт. температурасы —15°С, июлдуку 24°С. Жылдык жаан-чачыны 367 мм. Аймагынан Нарын дарыясы агып өтөт; анын ири куймалары: Чычкан, Узунакмат, Каракулжа, Торкен, Толук, Коңурөгүз, Саргата, Камбарата.	
Толойкан;село	
Толос;село	
Толук;село	
Тон;село	
Тоо-Моюн;село	
Торкен;село	
Торт-Гул; Торт-Гул (кыр. Төрт-Гүл) айылы Тоң районунда жайгашкан.	
Торт-Кол; Торт-Кол (кыр. Төрт-Көл) айылы Өзгөн районунда Ош областында жайгашкан.	
Торт-Куль;село	
Тору-Айгыр;Тору-Айгыр Ыссык-Көл району Ыссык-Көл областында жайгашкан. Балыкчы шаарынан 20 км чакырым алыстыкта жайгашкан. Ыссык-Көлдүн түндүк-батышында жайгашкан. Жанынан Тору-Айгыр суусу агып өтөт ошодон улам айылдын аты да Тору-Айгыр. 2009 жылкы эл катто бойунча 2470 адам жазылган.	
Тош – Булак;Таш-Булак (кырг. Таш-Булак) — Кыргыз Республикасынын Ош облусун Ноокат районундагы айыл. Кыргыз-Ата айыл округу курамына кирет. Калкы - 11 киши.	
Тугол-Сай; Тугол-Сай кыр, Түгөл-Сай Жумгал районунда жайгашкан.
Туз;Туз (кырг. Туз) — Кыргыз Республикасынын Чүй облусун Ысык-Ата районундагы айыл. Туз айыл округу составына кирет. Калкы - 1 866 киши.	
Түп;Түп — Кыргыз Республикасынын Ысык-Көл облусун Түп районундагы айыл. Түп айыл округу составына кирет. Калкы - 9 828 киши.	
Угут; Угут айылы Нарын областы, Ак-Талаа районунда жайгашкан.	
Узун-Кыр; Узун-Кыр айылы Ыссык-Ата районунда жайгашкан.	
Улахол; Улахол Тоң районунда жайгашкан.	
Уч-Добо; Үч-Дөбө айылы Алай районунда жайгашкан.		
Уч-Коргон;Уч-Коргон (кирг. Үч-Коргон) —айылы Кадамжай районда Баткен областында жайгашкан. Кадамжайдагы ири айылдык аймак, 2009 жылкы эл саноо бойунча 12874 адам бар. Түрк тилинен которгондо "коргон" болот, кургандар менен адаштырбоо керек.Советтик союз убагында Молотовабад деген аты болгон(13 октябрь 1999).Үч-Коргон айылы, байыркы тарыхы бар. Зороастризм мезгил тарыхында өзүнүн аймагында эстеликтер табылган. Бул жерде белгилүү орус саякатчысы А. П. Федченко келип кеткен. Үч-Коргон СССРдин ошол кездеги лидери М.В.Фрунзе атактуу басмачы Мадаминбек менен жолугуп, СССР режимди кабыл алууга көндүргөн. Бир убакта бул жерде эмир Бадахшан жашырынган. Бул жерде хан Нияз Саркордун жоолорунун башчысынын мүрзөөсү бар, кезинде джунгар жоолорунан өз элин коргогон. 
Учкун; Учкун айылы Сокулук району Чуй областында жайгашкан.             ___________________       Учкун деген ат бекемдикти билдирет. Ал адам ар дайым кандай жерде, кандай убакытта эмне кылышты жакшы билет. Мындай адамдар кичине кезинен эле абройлуу болушат.  	
Учтерек;Үч-Терек (кырг. Үч-Терек) — Кыргыз Республикасынын Жалалабат облусун Токтогул районундагы айыл. Үч-Терек айыл округу составына кирет. Калкы - 3 097 киши.
Фрунзе Панфиловский район;Фрунзе(кырг. Фрунзе) — Кыргыз Республикасынын Чүй облусун Сокулук районундагы айыл. Фрунзе айыл округу составына кирет. Калкы - 4 418 киши.
Халмион;Халмион (кырг. Халмион) — Кыргыз Республикасынын Баткен облусун Кадамжай районундагы айыл. Халмион айыл округу составына кирет. Калкы - 4 602 киши.	
Целинный;село	
Чаек;Чаек (орус. Чаек) — Кыргыз Республикасынын Нарын облусун Жумгал районундагы айыл. Чаек айыл округу курамына кирет.	ЧАЕК – кыштак, Жумгал р-нун ж-а Чаек айыл өкмөтүнүн борбору. Калкы 7,5 миң (2002); негизинен мал чарбасында эмгектенишет. Чаек айыл өкмөтүнө Актатыр, Бештерек, Кызылжылдыз кыш. да кирет. Бишкектен 320, Нарындан 240, Балыкчы т. ж. бекетинен 185 км аралыкта, Жумгал суусунун боюнда жайгашкан. Деңиз деңг. 1660 м бийиктикте. Калкты турмуш-тиричилик жактан тейлөөчү тармактары, үч орто мектеп, кесиптик лицей, 2 бала бакча, бейтапкана, оорукана, кинотеатр, драма театры, 2 китепкана, райондук мекеме-ишканалар  ж. б. бар. Ата Мек. Согушта курман болгондорго эстелик тургузулган.
Чалдыбар;Чалдыбар, шаар чалдыбары – байыркы бекемделген турак-жайдын жана шаардын калдыгы. Чалдыбар тегерек, үч бурч, тегерек же тик бурчтуу аянтча түрүндө болуп, табигый же атайын аң, чыңдалган дубалдар менен курчалган. Чыңдалган дубалдар сырттан келген душмандардан үй мүлкүн сактап, алардан коргонуу максатында тургузулган. Кыргызстандын аймагында Койсары (6–15-кылым), Күрмөнтү (8–12-кылым), Кегети (8–12-кылым), Кошойкоргон (10–12-кылым), Кемин (10–12-кылым), Казарман (11–12-кылым) жана башка шаар чалдыбарларылары бар. Шаар алдыбарларын казганда турак-жай, түрдүү буюмдар турчу жана душмандан жашынуучу жайлар табылган. Орто кылымдардагы шаар чалдыбарларына чыңдалган турак-жайлар, сепилдер жана башка кирет. 	
Чалма;село	
Чангет;Чангет (кырг. Чангет) — Кыргыз Республикасынын Ош облусун Өзгөн районундагы айыл. Чангет айыл округу курамына кирет.	
Чапаев;Чапаев (кырг. Чапаев) — Кыргыз Республикасынын Ош облусун Ноокат районундагы айыл. Мирмахмудов айыл округу курамына кирет.
Чаткал; Жалалабат облусундагы адм.-айм. бирдик. Облустун батыш тарабында жайгашкан. 1935-ж. уюшулган. 1944—56-ж. Талас облусунун карамагында  болгон. 1956—60-ж. Алабука, 1960—69-ж. Аксы р-нун курамында, 1969—80-ж.  кайрадан  Алабука р-нуна кошулган.  1980-жылдан  өз  алдынча район. 1980—84-ж. Талас, 1984—91-ж. Ош облусунун, 1991-жылдан Жалалабат облусунун карамагында. Түштүгүнөн Алабука р-ну, чыгышынан Аксы р-ну, түн.чыгышы ж-а түндүгүнөн Талас облусу түш.-батышы ж-а батышынан Өзбекстан м-н чектешет. Аянты 6,2 миң км2. Калкы 20848 (2001); 12 айылды бириктирген 2 айыл (Канышкыя, Чаткал), 2 шаарча (Сумсар, Терексай) өкмөттөрүнө бөлүнөт. Борбору — Канышкыя кыштагы (1988-ж. чейин Жаңыбазар айылы). Райондун аймагында Сумсар, Шакафтар,  Терексай шаарчалары жайгашкан. Райондун табиятын к. Чаткал өрөөнү, Чандалаш өрөөнү, Чаткал кырка тоосу, Бешарал коругу, Каратоко ж. б. макалаларын. Рельефинин тоолуу ж-а климатынын катаал болушуна байланыштуу  калк сейрек отурукташкан. Орт. жыштыгы 1 км2 жерге 3 киши. Калкы 20848 (2001);  негизинен кыргыздар, о. эле өзбек, орус, тажик ж. б. улуттар жашайт.
Чаувай; Чаувай - шаарча (1974-жылдан), Баткен облусунун Кадамжай р-нунда. Райондун борбору Пүлгөн кыштагынан 70 км  чыгыш тарапта, Кызылкыя т. ж. бекетинен 32  км  аралыкта Исфайрамсай суусунун жээгинде, деңиз деңг. 1860 м бийиктикте жайгашкан. 1939-ж. негизделген. Калкы 1,7 миң (2002). Орто мектеп, оорукана, бала бакча, ашкана, дүкөн, мончо, АТС бар. Ч-га жакын жерден сымап кени чыгат.	
Чек-Абад;село	
Челпек; Челпек - Ысык-Көл облусунун Ак-Суу районуна караштуу айыл. 1884-жылы түзүлгөн. Учурда Челпек, Таш-Кыя жана Бурма-Суу айылдары биригип Челпек айыл өкмөтүн түзүшөт. Кыргызстандагы калмак улуту жашаган эң ири айылы болуп саналат. Орто эсеп менен 7 778 адам бар.	
Чет-Нура;Чет-Нура — Кыргыз Республикасынын Нарын облусун Нарын районундагы айыл. Чет-Нура айыл округу составына кирет. Нарын шаарынан түндүк-батыш тарапта. 1930-жылы негизделген. Кесиптик техникум, мектеп, китепкана бар.	
Чолпон;Чолпон (кырг. Чолпон) — Кыргыз Республикасынын Нарын облусун Кочкор районундагы айыл. Чолпон айыл округу курамына кирет.	
Чолпон-Ата;Чолпон-Ата (кырг. Чолпон-Ата) — Кыргыз Республикасынын Жалалабат облусун Токтогул районундагы айыл. Чолпон-Ата айыл округу курамына кирет.	
Чолпонбай; Чолпонбай айылы Кара-Бура району Талас областында жайгашкан. Эрдиги өчпөс, элеси эстен кетпес Улуу Ата мекен согушунда өзүнүн көкүрөгүн тоскон красноармеец, Улуу Ата Мекен согушунун каарманы Чолпонбай Тулебердиевтин фамилиясына койулган.  	
Чон-Алай;Чоң Алай району Ош областында. Райондун центри Дарат-Коргон. Чоң Алайдын площады 4860 км2 же 16,6% Ош обласынан. 24,5 жуз адам же 2,0% Ош обласынын элинен. Мал багуу менен алектенишет. 1928 жылы Алай-Гулчо болгон. 1936 жылы Алай жана Чоң-Алай деп бөлүнгөн. 1959 эки район биригип Алай району болуп калган. 1992 жылы Эгемендүүлүк алгандан кийин кайта Алай жана Чоң-Алай болуп экиге бөлүндү. Район Кызыл-Суу суусунун жеегинде жайгашкан. 	
Чон-Добо;село	
Чон-Кемин;село	
Чон-Сары-Ой;	
Чон-Таш;Айылдын аты кино актёр жана сүрөтчү Сүймөнкул Chokmorov (2000-жылга чейин - Чон-Таш) - Кыргыз Республикасынын райондук Аламүдүн Чүй облусунда айыл. Таш-дөбө айыл округуна кирет.	
Чуй;Чүй облусу — Кыргызстандын түндүк жагында Чүй өрөөнүндө жайгашкан. 21 ноябрь 1939 жылында уюштурулган. 21-ноябрдан тартып СССР Жогорку Кеңешинин Жарлыгы менен түзүлгөн, 1959 жылы Фрунзе областы болуп, 1990 жылы кичине айылдар менен бирге Чуй областы болуп эски атын алган. 	 
Облуста 4 шаар, 5 шаар түрүндөгү айыл, 105 айыл өкмөтү, 327 айыл бар	
Чым-Коргон;Чым-Коргон (кирг. Чым-Коргон) Кемин району Чуй областында жайгашкан.
Шамалды-Сай;Шамалды-Сай— Ташкөмүр ш-на караштуу шаарча (1957-жылдан). Ташкөмүр ш-нан 20 км түш. тарапта, Нарын дарыясынын боюнан орун алган. Калкы 12790 (2002). Жалпы аянты 2293 га. Карамагына «Теңдик» коомдук комитети (мурдагы «Ташкөмүр» совхозу да кирет (2002). Шамалдысайда 4 ө. ж. ишканасы, бир курулуш мекемеси, 3 транспорт ж-а байланыш ишканасы ж. б. мекеме-ишканалар бар. Электр энергиясын, металл конструкцияларын, сүт азыктарын, темир-бетон, жыгач буюмдарын, кислород, асфальт-бетон ж- б. эл керектөөчү товарларды чыгарган КГСК, «Үчкоргон ГЭСи», «Жеразык» акционердик коомдору, «Сүт» менчик ишканасы, №2 АТПО, Шамалдысай ГЭСи ж. б. ишканалар бар. Беш окуу жайы, 4 мед. мекеме, 5 маданий агартуу мекемеси иштейт.	
Шадыкан;село	
Шайдан;Шайдан айыл аймагы Ноокен районунда жайгашкан.
Шамшы; Базарбаев Шамши 1937, Жалал Абад аймагынын, Сузак ройонун , Долонобашат айылы -2004	
Шарк; Кызыл-Шарк, Кара-Суу району — Ош облусунун Кара-Суу районундагы кыштак. Савай айыл округуна караштуу. Ош — Бишкек автомобиль жолунун боюнда, деңиз деңгээли 750 м бийикте жайгашкан. Райондун борбору жана темир жол бекети Кара-Суу шаарынан 7 км түндүк-чыгыш тарапта. Калкы 4875 (2009); негизинен дыйкан жана мал чарбасында эмгектенет. Орто мектеп, 2 китепкана, мадабият үйү, оорукана, дарыкана бар.	
Шахта-Жыргалан;село	
Шекер;Шекер — Кыргыз Республикасынын Талас облусун Кара-Буура районундагы айыл. Шекер айыл округу курамына кирет. Калкы - 3 573 киши.Бардыгы кыргыздар жана шекер уруусунан. Шекер айылы 20-кылымдын башында негизделген. Чыңгыз Айтматов 1928-жылы 12-декабрда азыркы Шекер айылында мамлекеттик кызматкердин үй-бүлөсүндө туулган. Шекер айылындагы Күркүрөө клубунда Чыңгыз Айтматовдун музейи жайгашкан. Музей ар күнү саат 9:00-17:00  чейин иштейт.
Ылай-Талаа; Ылай-Талаа (кырг. Ылай-Талаа) — Кыргыз Республикасынын Ош облусун Кара-Кулжа районундагы айыл. Ылай-Талаа айыл округу курамына кирет. Калкы - 6 559 киши.	
Ынтымак; Ынтымак айылы (Совет заманы учурунда "Калинин" деп аталган) – Талас облусунун Бакай–Ата районунун аймагындагы айыл. Кыргызстандын Талас облусунун борборунан 15-18, район борборунан 20 чакырымдай алыстыктагы жайгашкан. Айылда учурда эки миңдей кожолук бар. Бирок жашоочуларынын бери дегенде 500дөйү эмгек миграциясында жүрүшөт. Эки айылдын кармагындагы айдоо жердин көлөмү үч миң гектарга барабар. Айылда орто мектеп, маданият үйү, мечит бар. 	
Ырдык; Ырдык (кирг. Ырдык) - Жети-Өгүз жана Ысык-Көл облусунун районундагы айыл. Ырдык айыл округуна кирет. 2009-жылкы эл каттоо боюнча, айылда болгону 2627 киши бар эле.	
Ырыс; Ырыс (кырг. Ырыс) — Кыргыз Республикасынын Жалалабат облусун Сузак районундагы айыл. Ырыс айыл округу составына кирет. Калкы - 1 426 киши.	
Ыссык-Ата; Ысык-Ата району (кырг. Ысык-Ата району.) - Кыргыз Республикасынын Чүй облусунун курамына башкаруу бирдиги. Башкаруу борбору - аймакта чыныгы Кант шаары, киргизилген эмес. Чүй облусунун бөлүү жолу менен Ысык-Ата районунун катары 1977-жылы түзүлгөн. 1990-жылы, аты-жөнү, азыркы болуп өзгөртүлгөн.	
Ыссык-Көл; Кыргызстандагы эң чоң тоолуу туздуу көл. Кыргыздар бул көлдү "Кыргызстандын бермети" деп аташат. Көлдөгү суунун көлөмү -1738 чарчы км, суу бетинин аянты - 6236 чарчы км. Жээктеринин жалпы узундугу - 688 км. Көлдүн орточо тереңдиги 278 м, эң терең жери 668 м. Ысык-Көл түндүктөн түштүккө 58 кмге, ал эми батыштан чыгышка 182 кмге созулат. Ысык-Көлдүн түбү чоң табышмак боюнча калууда.                  _________________________________________________                      Ысык-көл уламышы          Окумуштуулар Ысыккол жайгашкан жерде мурда шаар болгонун аныкташат, колдун тубунон байыркы шаардын урандыларын табышкан. Бул жонундо уламыш мындайча айтылат. Колдун ордунда чон шаар болгон экен. Шаарды жана анын айланасын ач коз жана залим хан башкарып турган. Шаардын четиндеги бийик асканын устундогу хандын ак сарайы анда кайдан корунуп турчу. Хандын байлыгына эсеп жеткис эле, бирок ал мындан да коп болсо деп ойлочу. Шаардан жогору, чон дайранын жээгинде жашаган кедейдин чуроктой сулуу кызы болуптур. Сулууга коп жигиттер ашык болушат, бирок ал эч кимге макул болбойт, себеби бир туну уктап жатса, ак боз ат минген жигит ак булут астынан тушуп келет да, колуна шакек салат: - Мени кут, бул шакек колунда турганда сага эч ким, эч нерсе кыла албайт, - дейт. Кыздын кабары акыры ханга да жетет, «алып келгиле» деп жигиттерин жиберет. Жигиттер кызга: - Хан чакырып жатат, тезинен биз менен жур, - дешет. Ал макул болбойт, жигиттер кызды куч менен хан сарайына алып келишет. Кыз козун ачса, жанында анын жузуно, узун жибектей чачтарына, карагаттай коздоруно суктанып хан отурат. Ал кызга кымбат кийимдерди, асыл буюмдарды сунуш кылат Сулуу анын баарынан баш тартат. Анткени кыз колундагы жалгыз шакекти бут дуйнонун алтын-кумушуно да алмаштырбайт болчу, ошондуктан «жок» дегенден башка соз айтпайт. Жакшылыкча кондуро албаган хан аны куч менен кондурмок болот. Кыз жек корунду хан менен жашагандан коро олумду артык корот да терезеден боюн таштайт. Коз ирмемде сарайдын дубалдары туш-туштан урап, суу куюла баштайт. Суу уламдан-улам кобойуп, акыры бут шаарды каптап кетет. Шаардын ордуна кыздын коз жашындай таза жана тунук, журогундой жылуу, сулуулугундай кооз кол пайда болот. Колдун устундогу толкун кыздын узун чачтарын элестетет. Жайкы жылуу тундордо ай тийип турган кол устунон кыздын уну угулат дешет. Ал эми тунук суунун астынан байыркы шаардын айрым элестери корунот имиш.	
Эмгек-Талаа; Эмгек-Талаа — Кыргыз Республикасынын Нарын облусун Нарын районундагы айыл. Эмгек-Талаа айыл округу курамына кирет. №53 Нарын жылкы заводунун аймагында, Нарын дарыясынын оң жээгинде жайгашкан. Райондун борбору Нарын шаарынан 35 км батыш тарапта, Рыбачье темир жол станциясынан 220 км. 1930-ж. негизделген. Орто мектеп, клуб, китепкана,турмуш-тиричилик комбинатынын бөлүмдөрү, фельдшер-акушердик пункт бар.	
Эмгекчил; Эмгекчил — Кыргыз Республикасынын Нарын облусун Нарын районундагы айыл. Эмгекчил айыл округу курамына кирет. 1928-1954-ж. Эмгекчил артели, 1954-1956-ж. Маленков атындагы колхоз,1956-жылдан Эмгекчил аталган.Райондун борбору Нарын шаарынан 26 км. тун тарапта,Рыбачье темир жол станциясынан 160 км. 1928-ж. негизделген. Орто мектеп, балдар бакчасы, маданият үйү, 2 китепкана,спорт комплекси, турмуш-тиричилик комбинаты, фельдшер-акушердик пункт бар.	
Эңилчек; Энилчек (кырг. Эңилчек) - Кыргыз Республикасынын Ысык-Көл облусунун Ак-Суу районундагы айыл. Башкаруу борбору Эңилчек айыл округу.2009-жылкы эл каттоо боюнча, айылда 345 киши бар.
Юрьевка; Юрьевка (кырг. Юрьевка) — Кыргыз Республикасынын Чүй облусун Ысык-Ата районундагы айыл. Юрьевка айыл округу составына кирет. Калкы - 3 529 киши.
